Site_ID,Zone,State_UT,Circle,City,Site_Cluster,Site_Type,Site_Criticality,Customer_Base,Power_Backup,Primary_VendorTech_ID,Sampling_Weight,Sampling_Probability
SITE0001,North,Delhi,Delhi NCR,New Delhi,Delhi NCR,Urban,Tier 1,9169,Grid,4,3.5008630377767838,0.00381521544843026
SITE0002,Central,Uttar Pradesh,UP,Lucknow,Lucknow,Rural,Tier 3,518,Grid,1,0.05324852712307616,5.802986323484703e-05
SITE0003,Central,Madhya Pradesh,Central,Bhopal,Bhopal,Semi-Urban,Tier 2,3651,Grid,4,0.7659379581055514,0.0008347136973856533
SITE0004,Central,Uttar Pradesh,UP,Ghaziabad,Delhi NCR,Semi-Urban,Tier 3,1112,DG,7,0.1632993992301729,0.0001779625149397405
SITE0005,North,Haryana,Upper North,Hisar,Hisar,Urban,Tier 2,7810,Hybrid,4,2.1299830426309683,0.0023212402546032703
SITE0006,West,Rajasthan,Rajasthan,Jaipur,Jaipur,Urban,Tier 1,8475,Hybrid,6,3.235883329169838,0.0035264424610586165
SITE0007,West,Gujarat,Gujarat,Ahmedabad,Ahmedabad,Urban,Tier 1,10810,Hybrid,1,4.127421685938165,0.004498034572748512
SITE0008,East,West Bengal,East,Siliguri,Kolkata,Rural,Tier 3,502,Solar,7,0.05160378497255643,5.6237435026820865e-05
SITE0009,West,Maharashtra,Maharashtra,Nashik,Mumbai,Semi-Urban,Tier 3,1970,Grid,8,0.28929839611820196,0.0003152753187331733
SITE0010,North,Himachal Pradesh,Upper North,Dharamshala,Shimla,Semi-Urban,Tier 2,3848,DG,7,0.8072663004081517,0.0008797530286332495
SITE0011,Central,Uttar Pradesh,UP,Varanasi,Lucknow,Urban,Tier 2,6019,Grid,10,1.6415323858637383,0.0017889302295079489
SITE0012,West,Maharashtra,Maharashtra,Nashik,Mumbai,Rural,Tier 3,317,Grid,8,0.03258645385717209,3.551248387151836e-05
SITE0013,West,Rajasthan,Rajasthan,Kota,Jaipur,Rural,Tier 3,500,DG,9,0.05139819220374147,5.6013381500817604e-05
SITE0014,West,Rajasthan,Rajasthan,Jodhpur,Jaipur,Urban,Tier 1,12256,Hybrid,9,4.679526381392983,0.005099714313007009
SITE0015,East,West Bengal,East,Siliguri,Kolkata,Urban,Tier 1,10448,Grid,7,3.9892046045034175,0.0043474065879811705
SITE0016,West,Rajasthan,Rajasthan,Udaipur,Jaipur,Urban,Tier 1,12293,Hybrid,7,4.693653541650126,0.005115109991008091
SITE0017,West,Gujarat,Gujarat,Rajkot,Ahmedabad,Urban,Tier 1,9283,Grid,1,3.5443899639744667,0.00386265078064981
SITE0018,North,Haryana,Upper North,Panipat,Panipat,Semi-Urban,Tier 2,2659,DG,4,0.5578277268153002,0.0006079166588190775
SITE0019,North,Haryana,Upper North,Panipat,Panipat,Urban,Tier 1,13871,Grid,5,5.296157835860156,0.005771714852783961
SITE0020,North,Haryana,Upper North,Faridabad,Delhi NCR,Urban,Tier 1,13166,Grid,3,5.026978160690275,0.005478364771952536
SITE0021,North,Delhi,Delhi NCR,New Delhi,Delhi NCR,Semi-Urban,Tier 2,2398,Grid,3,0.503072917977845,0.0005482452605671861
SITE0022,West,Rajasthan,Rajasthan,Kota,Jaipur,Urban,Tier 3,4233,Grid,10,0.8081117482227683,0.0008806743916024262
SITE0023,Central,Uttar Pradesh,UP,Kanpur,Lucknow,Urban,Tier 1,13678,Hybrid,9,5.2224675134377625,0.005691407667535074
SITE0024,West,Gujarat,Gujarat,Rajkot,Ahmedabad,Urban,Tier 2,7125,Grid,8,1.9431663481108383,0.0021176487598013184
SITE0025,Central,Madhya Pradesh,Central,Gwalior,Gwalior,Urban,Tier 2,7171,DG,4,1.9557117027793434,0.002131320597408457
SITE0026,East,Jharkhand,Bihar,Jamshedpur,Ranchi,Semi-Urban,Tier 3,1074,Grid,1,0.15771902407662383,0.0001718810620910803
SITE0027,Central,Madhya Pradesh,Central,Indore,Indore,Urban,Tier 1,14280,Grid,1,5.452320228972894,0.0059418995096067306
SITE0028,Central,Uttar Pradesh,UP,Ghaziabad,Delhi NCR,Semi-Urban,Tier 2,2601,DG,3,0.545659991518088,0.000594656348096435
SITE0029,West,Gujarat,Gujarat,Ahmedabad,Ahmedabad,Semi-Urban,Tier 3,1399,DG,1,0.2054459168372409,0.00022389348777041091
SITE0030,West,Maharashtra,Maharashtra,Mumbai,Mumbai,Urban,Tier 3,3336,Grid,1,0.6368676569976743,0.000694053808264988
SITE0031,North,Haryana,Upper North,Panipat,Panipat,Semi-Urban,Tier 3,1504,DG,9,0.22086537449836335,0.0002406975022206562
SITE0032,West,Maharashtra,Maharashtra,Pune,Mumbai,Urban,Tier 1,8499,Hybrid,7,3.2450468925798766,0.0035364288467890485
SITE0033,East,West Bengal,East,Durgapur,Kolkata,Urban,Tier 1,13692,Grid,3,5.227812925426952,0.00569723305921116
SITE0034,Central,Madhya Pradesh,Central,Gwalior,Gwalior,Rural,Tier 3,337,Grid,1,0.034642381545321746,3.7753019131551055e-05
SITE0035,North,Delhi,Delhi NCR,Rohini,Delhi NCR,Rural,Tier 3,249,Grid,4,0.025596299717463248,2.7894663987407162e-05
SITE0036,West,Maharashtra,Maharashtra,Nagpur,Nagpur,Rural,Tier 3,458,Solar,1,0.04708074405862718,5.1308257454748917e-05
SITE0037,Central,Madhya Pradesh,Central,Indore,Indore,Urban,Tier 2,5972,Grid,9,1.6287143060937441,0.001774961178039786
SITE0038,North,Punjab,Upper North,Patiala,Ludhiana,Urban,Tier 1,13738,Hybrid,4,5.24537642196286,0.005716373631861154
SITE0039,West,Maharashtra,Maharashtra,Nashik,Mumbai,Semi-Urban,Tier 3,1624,Grid,4,0.23848761182536038,0.00025990209016379365
SITE0040,Central,Chhattisgarh,Central,Bilaspur,Raipur,Urban,Tier 1,9885,Grid,4,3.774242679509598,0.004113142622721466
SITE0041,West,Maharashtra,Maharashtra,Nashik,Mumbai,Urban,Tier 2,7301,Grid,1,1.9911659659729446,0.002169958399341674
SITE0042,North,Haryana,Upper North,Gurugram,Delhi NCR,Urban,Tier 2,7028,Grid,6,1.916712013266382,0.002088819015281918
SITE0043,West,Gujarat,Gujarat,Ahmedabad,Ahmedabad,Urban,Tier 2,7757,Hybrid,7,2.1155286122520383,0.0023054879199689584
SITE0044,Central,Chhattisgarh,Central,Bilaspur,Raipur,Rural,Tier 3,536,Solar,7,0.055098862042410844,6.0046344968876457e-05
SITE0045,West,Rajasthan,Rajasthan,Jodhpur,Jaipur,Urban,Tier 1,9900,Hybrid,1,3.7799699066408725,0.0041193841138029855
SITE0046,North,Delhi,Delhi NCR,Karol Bagh,Delhi NCR,Semi-Urban,Tier 3,1562,DG,5,0.22938278920641192,0.000249979719726506
SITE0047,West,Maharashtra,Maharashtra,Nagpur,Nagpur,Urban,Tier 1,14900,Grid,5,5.689045617065555,0.006199881140976211
SITE0048,West,Maharashtra,Maharashtra,Mumbai,Mumbai,Semi-Urban,Tier 2,3938,Grid,8,0.8261472689727914,0.0009003293728580396
SITE0049,West,Gujarat,Gujarat,Vadodara,Ahmedabad,Semi-Urban,Tier 2,3449,Hybrid,4,0.7235606731049157,0.0007885312359033466
SITE0050,Central,Uttar Pradesh,UP,Kanpur,Lucknow,Urban,Tier 2,5546,Grid,4,1.5125334128593277,0.0016483480732432442
SITE0051,North,Haryana,Upper North,Gurugram,Delhi NCR,Rural,Tier 3,501,Grid,6,0.05150098858814895,5.612540826381923e-05
SITE0052,East,West Bengal,East,Howrah,Kolkata,Semi-Urban,Tier 1,4921,DG,6,1.44531716476921,0.0015750962878029909
SITE0053,North,Punjab,Upper North,Ludhiana,Ludhiana,Rural,Tier 3,698,DG,4,0.07175187631642307,7.819468057514136e-05
SITE0054,North,Uttarakhand,UP,Dehradun,Dehradun,Rural,Tier 2,1280,Solar,4,0.18797053148796877,0.0002048489380601329
SITE0055,North,Punjab,Upper North,Ludhiana,Ludhiana,Semi-Urban,Tier 1,5372,DG,4,1.5777776486771382,0.001719450773842241
SITE0056,West,Maharashtra,Maharashtra,Nashik,Mumbai,Rural,Tier 3,519,Grid,8,0.05335132350748364,5.8141889997848664e-05
SITE0057,West,Gujarat,Gujarat,Surat,Ahmedabad,Urban,Tier 2,6956,DG,4,1.8970758059591568,0.0020674196172881364
SITE0058,West,Gujarat,Gujarat,Ahmedabad,Ahmedabad,Urban,Tier 3,4503,Grid,9,0.8596567924042349,0.0009368478113361033
SITE0059,North,Delhi,Delhi NCR,Rohini,Delhi NCR,Urban,Tier 1,10096,Grid,4,3.8548056744895205,0.004200939597268177
SITE0060,West,Rajasthan,Rajasthan,Jaipur,Jaipur,Urban,Tier 2,7964,Grid,9,2.171982708260311,0.002367011189201081
SITE0061,North,Punjab,Upper North,Amritsar,Amritsar,Urban,Tier 2,5703,DG,8,1.5553512537931384,0.001695010649424129
SITE0062,Central,Uttar Pradesh,UP,Lucknow,Lucknow,Urban,Tier 2,7308,Grid,4,1.9930750416833691,0.002172038896368847
SITE0063,East,Odisha,East,Rourkela,Bhubaneswar,Rural,Tier 3,555,Solar,8,0.057051993346153025,6.217485346590753e-05
SITE0064,North,Himachal Pradesh,Upper North,Dharamshala,Shimla,Urban,Tier 2,6625,Hybrid,1,1.806803797366218,0.001969041829288945
SITE0065,West,Gujarat,Gujarat,Ahmedabad,Ahmedabad,Urban,Tier 2,5637,Hybrid,9,1.5373513970948485,0.0016753945345964957
SITE0066,North,Uttarakhand,UP,Haldwani,Haldwani,Semi-Urban,Tier 3,1742,Grid,6,0.25581614519690754,0.00027878660164121216
SITE0067,North,Punjab,Upper North,Amritsar,Amritsar,Urban,Tier 3,3509,Hybrid,1,0.6698946667880212,0.0007300464068350846
SITE0068,West,Maharashtra,Maharashtra,Pune,Mumbai,Rural,Tier 3,618,Grid,6,0.06352816556382446,6.923253953501056e-05
SITE0069,Central,Uttar Pradesh,UP,Kanpur,Lucknow,Urban,Tier 1,12736,Grid,10,4.862797649593753,0.005299442027615639
SITE0070,West,Rajasthan,Rajasthan,Jaipur,Jaipur,Rural,Tier 3,479,DG,1,0.04923946813118432,5.366081947778326e-05
SITE0071,North,Haryana,Upper North,Hisar,Hisar,Semi-Urban,Tier 3,1312,Hybrid,5,0.192669794775168,0.00020997016151163623
SITE0072,Central,Chhattisgarh,Central,Bilaspur,Raipur,Urban,Tier 1,10659,Grid,7,4.06976759948334,0.004435203562527882
SITE0073,West,Gujarat,Gujarat,Surat,Ahmedabad,Urban,Tier 1,9861,Hybrid,8,3.76507911609956,0.004103156236991035
SITE0074,Central,Madhya Pradesh,Central,Gwalior,Gwalior,Rural,Tier 3,496,DG,4,0.05098700666611153,5.556527444881105e-05
SITE0075,West,Rajasthan,Rajasthan,Udaipur,Jaipur,Semi-Urban,Tier 2,3205,Grid,1,0.6723722694407813,0.0007327464804494712
SITE0076,West,Gujarat,Gujarat,Vadodara,Ahmedabad,Semi-Urban,Tier 3,1685,Hybrid,1,0.2474455824665839,0.00026966442236822186
SITE0077,North,Haryana,Upper North,Panipat,Panipat,Semi-Urban,Tier 2,3851,DG,5,0.807895666026973,0.0008804389067740758
SITE0078,North,Delhi,Delhi NCR,Karol Bagh,Delhi NCR,Urban,Tier 2,5187,Grid,4,1.4146251014246904,0.00154164829713536
SITE0079,East,Bihar,Bihar,Patna,Patna,Urban,Tier 1,9619,Grid,9,3.672679851715005,0.00400246018087585
SITE0080,North,Delhi,Delhi NCR,Dwarka,Delhi NCR,Urban,Tier 1,13783,Grid,1,5.262558103356682,0.005735098105105712
SITE0081,East,Bihar,Bihar,Muzaffarpur,Patna,Rural,Tier 2,1247,DG,7,0.18312441622304462,0.00019956767637577017
SITE0082,West,Gujarat,Gujarat,Surat,Ahmedabad,Semi-Urban,Tier 3,1724,Grid,1,0.253172809597858,0.0002759059134497416
SITE0083,North,Haryana,Upper North,Gurugram,Delhi NCR,Urban,Tier 2,7973,DG,1,2.1744372341737144,0.002369686113950304
SITE0084,North,Haryana,Upper North,Gurugram,Delhi NCR,Urban,Tier 2,6431,Grid,4,1.7538951276773054,0.0019113823402501446
SITE0085,North,Delhi,Delhi NCR,Dwarka,Delhi NCR,Urban,Tier 2,5875,Hybrid,4,1.6022599712492875,0.0017461314335203853
SITE0086,East,Odisha,East,Cuttack,Bhubaneswar,Urban,Tier 3,3117,Grid,7,0.5950588989393737,0.0006484909233698943
SITE0087,West,Maharashtra,Maharashtra,Mumbai,Mumbai,Semi-Urban,Tier 2,2413,DG,9,0.5062197460719517,0.0005516746512713178
SITE0088,West,Maharashtra,Maharashtra,Pune,Mumbai,Semi-Urban,Tier 3,1341,Grid,6,0.1969285021291923,0.00021461127026456113
SITE0089,North,Jammu & Kashmir,Upper North,Jammu,Jammu,Rural,Tier 3,419,Grid,9,0.043071685066735345,4.693921369768514e-05
SITE0090,North,Haryana,Upper North,Faridabad,Delhi NCR,Urban,Tier 2,5902,Grid,9,1.6096235489894972,0.0017541562077680536
SITE0091,West,Maharashtra,Maharashtra,Pune,Mumbai,Urban,Tier 2,5162,Grid,5,1.4078069738874595,0.0015342179506097414
SITE0092,North,Haryana,Upper North,Faridabad,Delhi NCR,Semi-Urban,Tier 2,3974,Grid,8,0.8336996563986474,0.0009085599105479558
SITE0093,Central,Madhya Pradesh,Central,Bhopal,Bhopal,Semi-Urban,Tier 3,1219,Grid,6,0.17901256084674527,0.0001950866058557047
SITE0094,North,Uttarakhand,UP,Haridwar,Dehradun,Semi-Urban,Tier 2,2269,DG,1,0.47601019636852815,0.0005187525005116536
SITE0095,North,Uttarakhand,UP,Dehradun,Dehradun,Semi-Urban,Tier 2,2631,Grid,7,0.5519536477063013,0.0006015151295046985
SITE0096,West,Maharashtra,Maharashtra,Mumbai,Mumbai,Urban,Tier 3,3405,Hybrid,1,0.6500402793996045,0.0007084092377524831
SITE0097,West,Maharashtra,Maharashtra,Pune,Mumbai,Semi-Urban,Tier 2,3871,DG,6,0.8120914368191152,0.0008850114277129181
SITE0098,East,Jharkhand,Bihar,Jamshedpur,Ranchi,Urban,Tier 2,7014,Grid,7,1.9128938618455327,0.002084658021227572
SITE0099,West,Gujarat,Gujarat,Rajkot,Ahmedabad,Urban,Tier 3,4141,Hybrid,1,0.7905482516868613,0.0008615338189524325
SITE0100,North,Haryana,Upper North,Gurugram,Delhi NCR,Urban,Tier 2,5204,Hybrid,2,1.4192614281500076,0.001546700932772781
SITE0101,West,Rajasthan,Rajasthan,Jaipur,Jaipur,Urban,Tier 1,8581,Grid,9,3.276355734230841,0.003570548998034689
SITE0102,North,Haryana,Upper North,Panipat,Panipat,Semi-Urban,Tier 3,1555,Grid,6,0.2283548253623371,0.0002488594520964896
SITE0103,North,Punjab,Upper North,Ludhiana,Ludhiana,Urban,Tier 2,5840,Grid,2,1.5927145926971642,0.0017357289483845193
SITE0104,East,Bihar,Bihar,Muzaffarpur,Patna,Semi-Urban,Tier 2,3836,DG,7,0.8047488379328664,0.0008770095160699441
SITE0105,Central,Uttar Pradesh,UP,Ghaziabad,Delhi NCR,Rural,Tier 2,927,Solar,6,0.1361317833510524,0.00014835544186073688
SITE0106,East,Bihar,Bihar,Muzaffarpur,Patna,Urban,Tier 2,6719,Grid,4,1.8324399569062066,0.0019969799322252717
SITE0107,West,Maharashtra,Maharashtra,Pune,Mumbai,Urban,Tier 2,6642,Hybrid,10,1.8114401240915352,0.001974094464926366
SITE0108,West,Gujarat,Gujarat,Surat,Ahmedabad,Semi-Urban,Tier 2,2595,DG,7,0.5444012602804453,0.0005932845918147823
SITE0109,North,Delhi,Delhi NCR,New Delhi,Delhi NCR,Urban,Tier 3,4797,Grid,4,0.9157836182907205,0.000998014423934996
SITE0110,North,Delhi,Delhi NCR,Rohini,Delhi NCR,Urban,Tier 2,5874,Hybrid,7,1.6019872461477984,0.0017458342196593607
SITE0111,Central,Madhya Pradesh,Central,Indore,Indore,Urban,Tier 1,13560,Grid,9,5.177413326671741,0.005642307937693786
SITE0112,North,Uttarakhand,UP,Haridwar,Dehradun,Urban,Tier 2,7243,Grid,1,1.9753479100865687,0.002152719995402239
SITE0113,Central,Madhya Pradesh,Central,Indore,Indore,Rural,Tier 3,377,DG,1,0.03875423692162106,4.223408965161646e-05
SITE0114,Central,Uttar Pradesh,UP,Noida,Delhi NCR,Rural,Tier 3,616,DG,1,0.06332257279500948,6.900848600900728e-05
SITE0115,North,Delhi,Delhi NCR,Rohini,Delhi NCR,Semi-Urban,Tier 1,6010,DG,7,1.765160772254207,0.001923659558970936
SITE0116,West,Gujarat,Gujarat,Vadodara,Ahmedabad,Rural,Tier 3,206,Grid,6,0.021176055187941484,2.307751317833685e-05
SITE0117,Central,Uttar Pradesh,UP,Ghaziabad,Delhi NCR,Rural,Tier 3,269,DG,6,0.027652227405612906,3.0135199247439865e-05
SITE0118,North,Delhi,Delhi NCR,Karol Bagh,Delhi NCR,Urban,Tier 3,3922,Grid,9,0.7487394936285608,0.000815970934057339
SITE0119,Central,Madhya Pradesh,Central,Gwalior,Gwalior,Rural,Tier 3,665,DG,7,0.06835959563097614,7.44977973960874e-05
SITE0120,West,Gujarat,Gujarat,Surat,Ahmedabad,Semi-Urban,Tier 3,1671,Hybrid,1,0.24538965477843427,0.0002674238871081892
SITE0121,North,Delhi,Delhi NCR,Saket,Delhi NCR,Rural,Tier 2,1459,DG,4,0.21425703550073943,0.00023349578174197965
SITE0122,West,Rajasthan,Rajasthan,Udaipur,Jaipur,Rural,Tier 3,402,DG,4,0.04132414653180813,4.503475872665734e-05
SITE0123,East,Jharkhand,Bihar,Ranchi,Ranchi,Urban,Tier 1,9171,Grid,4,3.5016266680609536,0.003816047647241129
SITE0124,North,Haryana,Upper North,Karnal,Panipat,Urban,Tier 2,6495,Grid,6,1.7713495341726166,0.001930404027355728
SITE0125,Central,Madhya Pradesh,Central,Gwalior,Gwalior,Urban,Tier 2,5943,DG,9,1.620805278150556,0.0017663419760700681
SITE0126,North,Delhi,Delhi NCR,Saket,Delhi NCR,Urban,Tier 1,14342,DG,3,5.475992767782161,0.0059676976727436794
SITE0127,Central,Uttar Pradesh,UP,Ghaziabad,Delhi NCR,Rural,Tier 3,604,DG,5,0.0620890161821197,6.766416485298766e-05
SITE0128,Central,Uttar Pradesh,UP,Noida,Delhi NCR,Rural,Tier 3,625,Grid,7,0.06424774025467683,7.0016726876022e-05
SITE0129,North,Jammu & Kashmir,Upper North,Srinagar,Srinagar,Urban,Tier 2,7539,Hybrid,4,2.056074540127384,0.0022406952982655637
SITE0130,North,Himachal Pradesh,Upper North,Shimla,Shimla,Semi-Urban,Tier 3,1887,Hybrid,1,0.277109681967029,0.00030199214540583663
SITE0131,Central,Uttar Pradesh,UP,Noida,Delhi NCR,Urban,Tier 2,5895,Grid,4,1.6077144732790727,0.0017520757107408805
SITE0132,West,Maharashtra,Maharashtra,Pune,Mumbai,Urban,Tier 2,7189,Grid,1,1.9606207546061498,0.0021366704469069023
SITE0133,Central,Uttar Pradesh,UP,Ghaziabad,Delhi NCR,Urban,Tier 1,13432,Grid,9,5.128540988484868,0.005589047213798152
SITE0134,North,Haryana,Upper North,Panipat,Panipat,Urban,Tier 2,5164,Hybrid,1,1.4083524240904377,0.0015348123783317908
SITE0135,Central,Chhattisgarh,Central,Bilaspur,Raipur,Rural,Tier 2,1013,DG,4,0.1487610534354003,0.0001621187298866521
SITE0136,Central,Uttar Pradesh,UP,Lucknow,Lucknow,Urban,Tier 3,4568,Grid,4,0.8720657845219952,0.0009503710420127292
SITE0137,East,West Bengal,East,Kolkata,Kolkata,Semi-Urban,Tier 2,3105,Grid,10,0.6513934154800705,0.0007098838757552598
SITE0138,North,Haryana,Upper North,Gurugram,Delhi NCR,Semi-Urban,Tier 2,3604,DG,1,0.7560778967440174,0.000823968273179374
SITE0139,West,Rajasthan,Rajasthan,Udaipur,Jaipur,Urban,Tier 2,6753,Grid,1,1.8417126103568409,0.002007085203500113
SITE0140,West,Rajasthan,Rajasthan,Kota,Jaipur,Rural,Tier 3,620,Solar,1,0.06373375833263942,6.945659306101383e-05
SITE0141,North,Uttarakhand,UP,Haldwani,Haldwani,Rural,Tier 2,1004,Grid,1,0.14743938563587553,0.00016067838579091677
SITE0142,West,Maharashtra,Maharashtra,Nashik,Mumbai,Urban,Tier 2,6938,Grid,1,1.8921667541323504,0.002062069767789691
SITE0143,North,Punjab,Upper North,Amritsar,Amritsar,Urban,Tier 2,5370,Hybrid,6,1.4645337949972212,0.0015960384337028884
SITE0144,Central,Uttar Pradesh,UP,Varanasi,Lucknow,Urban,Tier 2,6880,Grid,1,1.8763486982459745,0.002044831363850256
SITE0145,West,Gujarat,Gujarat,Rajkot,Ahmedabad,Urban,Tier 1,12948,Hybrid,1,4.94374245971576,0.0053876551015677844
SITE0146,North,Punjab,Upper North,Ludhiana,Ludhiana,Urban,Tier 3,2883,Grid,8,0.5503865273154361,0.0005998072929340408
SITE0147,Central,Uttar Pradesh,UP,Ghaziabad,Delhi NCR,Semi-Urban,Tier 3,1907,DG,4,0.2800467215215285,0.00030519291006302616
SITE0148,West,Maharashtra,Maharashtra,Pune,Mumbai,Semi-Urban,Tier 2,2444,DG,4,0.512723190799772,0.0005587620587265233
SITE0149,North,Punjab,Upper North,Ludhiana,Ludhiana,Urban,Tier 2,5424,DG,3,1.4792609504776404,0.001612087982198225
SITE0150,East,Bihar,Bihar,Gaya,Patna,Urban,Tier 3,4708,Hybrid,10,0.8987928444679409,0.0009794980003931546
SITE0151,East,Odisha,East,Bhubaneswar,Bhubaneswar,Rural,Tier 3,377,DG,1,0.03875423692162106,4.223408965161646e-05
SITE0152,West,Gujarat,Gujarat,Vadodara,Ahmedabad,Urban,Tier 1,12724,Hybrid,9,4.858215867888734,0.0052944488347504235
SITE0153,North,Haryana,Upper North,Panipat,Panipat,Urban,Tier 2,5894,Hybrid,7,1.6074417481775833,0.0017517784968798557
SITE0154,Central,Uttar Pradesh,UP,Ghaziabad,Delhi NCR,Urban,Tier 2,7537,Grid,1,2.0555290899244056,0.0022401008705435145
SITE0155,West,Maharashtra,Maharashtra,Nashik,Mumbai,Rural,Tier 3,526,DG,10,0.05407089819833602,5.892607733886011e-05
SITE0156,North,Jammu & Kashmir,Upper North,Jammu,Jammu,Urban,Tier 2,5597,DG,3,1.5264423930352788,0.001663505980155506
SITE0157,West,Maharashtra,Maharashtra,Nagpur,Nagpur,Semi-Urban,Tier 3,1288,DG,1,0.18914534730976862,0.0002061292439230088
SITE0158,West,Gujarat,Gujarat,Rajkot,Ahmedabad,Semi-Urban,Tier 3,1592,DG,8,0.23378834853816116,0.0002547808667122903
SITE0159,West,Gujarat,Gujarat,Surat,Ahmedabad,Urban,Tier 2,6687,Grid,7,1.823712753658551,0.0019874690886724795
SITE0160,West,Maharashtra,Maharashtra,Nashik,Mumbai,Semi-Urban,Tier 2,3596,DG,6,0.7543995884271605,0.0008221392648038371
SITE0161,West,Rajasthan,Rajasthan,Jodhpur,Jaipur,Urban,Tier 3,3072,Grid,1,0.5864680582424626,0.0006391286867476147
SITE0162,East,West Bengal,East,Howrah,Kolkata,Semi-Urban,Tier 3,1353,DG,4,0.19869072586189204,0.0002165317290588749
SITE0163,North,Uttarakhand,UP,Dehradun,Dehradun,Semi-Urban,Tier 2,2027,Grid,7,0.425241369783608,0.00046342499715166233
SITE0164,Central,Uttar Pradesh,UP,Varanasi,Lucknow,Semi-Urban,Tier 3,1953,DG,3,0.28680191249687736,0.0003125546687745622
SITE0165,East,West Bengal,East,Durgapur,Kolkata,Urban,Tier 3,4590,DG,3,0.8762657510849294,0.0009549481354725102
SITE0166,West,Maharashtra,Maharashtra,Mumbai,Mumbai,Rural,Tier 3,368,DG,1,0.03782906946195372,4.122584878460175e-05
SITE0167,West,Maharashtra,Maharashtra,Mumbai,Mumbai,Urban,Tier 2,7470,DG,1,2.037256508124626,0.002220187541854856
SITE0168,West,Rajasthan,Rajasthan,Jaipur,Jaipur,Urban,Tier 2,5176,Grid,8,1.4116251253083087,0.0015383789446640878
SITE0169,West,Rajasthan,Rajasthan,Kota,Jaipur,Urban,Tier 1,12624,Hybrid,4,4.82003435368024,0.0052528388942069595
SITE0170,Central,Madhya Pradesh,Central,Gwalior,Gwalior,Semi-Urban,Tier 2,3633,DG,10,0.7621617643926235,0.0008305984285406953
SITE0171,West,Maharashtra,Maharashtra,Mumbai,Mumbai,Semi-Urban,Tier 3,1965,DG,4,0.28856413622957705,0.0003144751275688759
SITE0172,East,Jharkhand,Bihar,Ranchi,Ranchi,Urban,Tier 1,9517,Hybrid,7,3.6337347072223416,0.003960018041521516
SITE0173,North,Punjab,Upper North,Patiala,Ludhiana,Semi-Urban,Tier 2,2197,Hybrid,3,0.46090542151681635,0.0005022914251318215
SITE0174,North,Punjab,Upper North,Jalandhar,Ludhiana,Urban,Tier 2,7657,Grid,4,2.0882561021031143,0.002275766533866484
SITE0175,West,Rajasthan,Rajasthan,Jaipur,Jaipur,Semi-Urban,Tier 2,3600,Grid,1,0.755238742585589,0.0008230537689916057
SITE0176,North,Jammu & Kashmir,Upper North,Srinagar,Srinagar,Urban,Tier 3,3352,Hybrid,4,0.6399221781343538,0.0006973826035084651
SITE0177,North,Delhi,Delhi NCR,Saket,Delhi NCR,Semi-Urban,Tier 2,3540,DG,4,0.7426514302091625,0.0008093362061750788
SITE0178,North,Jammu & Kashmir,Upper North,Jammu,Jammu,Urban,Tier 2,6537,Hybrid,10,1.7828039884351647,0.0019428870095187674
SITE0179,North,Delhi,Delhi NCR,Karol Bagh,Delhi NCR,Rural,Tier 3,221,Solar,6,0.022718000954053727,2.4757914623361376e-05
SITE0180,North,Punjab,Upper North,Amritsar,Amritsar,Urban,Tier 2,6080,Grid,1,1.6581686170545822,0.0018070602750304588
SITE0181,East,Bihar,Bihar,Gaya,Patna,Urban,Tier 1,11137,Hybrid,1,4.25227523739994,0.004634099078325642
SITE0182,North,Delhi,Delhi NCR,New Delhi,Delhi NCR,Urban,Tier 2,7889,Grid,1,2.1515283256486177,0.0023447201496242247
SITE0183,Central,Uttar Pradesh,UP,Noida,Delhi NCR,Rural,Tier 2,797,DG,5,0.11704102624680557,0.00012755047158900465
SITE0184,Central,Uttar Pradesh,UP,Noida,Delhi NCR,Rural,Tier 2,843,DG,7,0.12379621722215445,0.00013491223030054068
SITE0185,East,Odisha,East,Rourkela,Bhubaneswar,Urban,Tier 2,6903,Grid,9,1.882621375580227,0.002051667282653825
SITE0186,North,Punjab,Upper North,Amritsar,Amritsar,Semi-Urban,Tier 2,2434,Grid,1,0.510625305403701,0.0005564757982571022
SITE0187,East,West Bengal,East,Siliguri,Kolkata,Rural,Tier 3,324,DG,4,0.03330602854802447,3.62966712125298e-05
SITE0188,West,Gujarat,Gujarat,Rajkot,Ahmedabad,Semi-Urban,Tier 2,3702,DG,4,0.776637173625514,0.000846373625779701
SITE0189,West,Rajasthan,Rajasthan,Udaipur,Jaipur,Semi-Urban,Tier 2,3109,Grid,6,0.6522325696384988,0.0007107983799430282
SITE0190,West,Rajasthan,Rajasthan,Jaipur,Jaipur,Urban,Tier 2,5587,Grid,5,1.5237151420203865,0.0016605338415452585
SITE0191,Central,Madhya Pradesh,Central,Gwalior,Gwalior,Urban,Tier 1,8343,Grid,7,3.1854837304146266,0.003471517339541244
SITE0192,North,Himachal Pradesh,Upper North,Shimla,Shimla,Rural,Tier 3,694,DG,6,0.07134069077879315,7.774657352313482e-05
SITE0193,Central,Uttar Pradesh,UP,Kanpur,Lucknow,Rural,Tier 2,993,DG,1,0.1458240138809008,0.0001589179652294625
SITE0194,West,Gujarat,Gujarat,Vadodara,Ahmedabad,Semi-Urban,Tier 3,1955,Grid,7,0.28709561645232734,0.00031287474524028115
SITE0195,Central,Uttar Pradesh,UP,Kanpur,Lucknow,Urban,Tier 1,12666,Hybrid,1,4.8360705896478065,0.005270315069235213
SITE0196,East,Jharkhand,Bihar,Ranchi,Ranchi,Urban,Tier 2,5610,Hybrid,7,1.529987819354639,0.0016673697603488277
SITE0197,North,Delhi,Delhi NCR,Rohini,Delhi NCR,Semi-Urban,Tier 1,5727,DG,4,1.6820425528618708,0.0018330779191724708
SITE0198,East,Jharkhand,Bihar,Ranchi,Ranchi,Rural,Tier 3,442,DG,4,0.045436001908107454,4.951582924672275e-05
SITE0199,North,Haryana,Upper North,Panipat,Panipat,Rural,Tier 3,518,DG,9,0.05324852712307616,5.802986323484703e-05
SITE0200,North,Punjab,Upper North,Amritsar,Amritsar,Semi-Urban,Tier 2,2560,Hybrid,9,0.5370586613941966,0.0005852826801718084
SITE0201,North,Punjab,Upper North,Jalandhar,Ludhiana,Semi-Urban,Tier 1,4959,DG,8,1.4564779150763083,0.0015872591935003114
SITE0202,North,Uttarakhand,UP,Dehradun,Dehradun,Urban,Tier 2,7079,Grid,4,1.9306209934423333,0.0021039769221941804
SITE0203,West,Rajasthan,Rajasthan,Udaipur,Jaipur,Urban,Tier 1,14534,Grid,7,5.549301275062469,0.00604758875858713
SITE0204,North,Punjab,Upper North,Ludhiana,Ludhiana,Rural,Tier 3,476,DG,4,0.04893107897796187,5.332473918877834e-05
SITE0205,North,Punjab,Upper North,Ludhiana,Ludhiana,Semi-Urban,Tier 2,2531,Grid,8,0.5309747937455904,0.0005786525248104871
SITE0206,East,Odisha,East,Cuttack,Bhubaneswar,Urban,Tier 1,9177,Grid,4,3.5039175589134635,0.0038185442436737375
SITE0207,Central,Madhya Pradesh,Central,Indore,Indore,Urban,Tier 1,14526,Grid,10,5.54624675392579,0.006044259963343655
SITE0208,Central,Madhya Pradesh,Central,Bhopal,Bhopal,Semi-Urban,Tier 2,3091,DG,9,0.6484563759255709,0.0007066831110980702
SITE0209,East,West Bengal,East,Durgapur,Kolkata,Urban,Tier 2,6901,Hybrid,7,1.8820759253772483,0.0020510728549317753
SITE0210,Central,Uttar Pradesh,UP,Lucknow,Lucknow,Urban,Tier 1,12979,Hybrid,3,4.9555787291203925,0.005400554183136258
SITE0211,North,Haryana,Upper North,Hisar,Hisar,Semi-Urban,Tier 3,1213,DG,1,0.17813144898039543,0.00019412637645854785
SITE0212,West,Maharashtra,Maharashtra,Nagpur,Nagpur,Semi-Urban,Tier 2,3678,DG,8,0.7716022486749434,0.0008408866006530904
SITE0213,Central,Uttar Pradesh,UP,Kanpur,Lucknow,Semi-Urban,Tier 2,2375,Hybrid,1,0.4982477815668816,0.0005429868614875176
SITE0214,North,Chandigarh,Upper North,Chandigarh,Ludhiana,Urban,Tier 2,7791,Grid,8,2.1248012657026725,0.0023155931912437998
SITE0215,Central,Uttar Pradesh,UP,Lucknow,Lucknow,Semi-Urban,Tier 2,2212,Grid,4,0.464052249610923,0.0005057208158359532
SITE0216,North,Punjab,Upper North,Ludhiana,Ludhiana,Urban,Tier 2,7126,Grid,4,1.9434390732123275,0.002117945973662343
SITE0217,North,Jammu & Kashmir,Upper North,Srinagar,Srinagar,Urban,Tier 1,9749,Hybrid,9,3.7223158201860467,0.004056553103582354
SITE0218,West,Gujarat,Gujarat,Ahmedabad,Ahmedabad,Semi-Urban,Tier 2,2627,Hybrid,6,0.5511144935478728,0.0006006006253169299
SITE0219,West,Rajasthan,Rajasthan,Udaipur,Jaipur,Semi-Urban,Tier 3,1603,Grid,5,0.23540372029313592,0.0002565412872737446
SITE0220,West,Gujarat,Gujarat,Rajkot,Ahmedabad,Rural,Tier 3,469,Grid,5,0.0482115042871095,5.254055184776691e-05
SITE0221,Central,Uttar Pradesh,UP,Noida,Delhi NCR,Semi-Urban,Tier 2,3946,Grid,4,0.8278255772896483,0.0009021583812335765
SITE0222,North,Punjab,Upper North,Jalandhar,Ludhiana,Semi-Urban,Tier 2,3404,Hybrid,7,0.7141201888225958,0.0007782430637909514
SITE0223,North,Haryana,Upper North,Hisar,Hisar,Urban,Tier 2,7727,Grid,3,2.1073468592073614,0.0022965715041382163
SITE0224,East,West Bengal,East,Howrah,Kolkata,Urban,Tier 2,7105,Grid,9,1.9377118460810534,0.0021117044825808237
SITE0225,Central,Uttar Pradesh,UP,Ghaziabad,Delhi NCR,Urban,Tier 1,11867,Grid,9,4.531000291121943,0.004937851644292932
SITE0226,North,Haryana,Upper North,Faridabad,Delhi NCR,Urban,Tier 1,12976,Grid,4,4.954433283694137,0.005399305884919953
SITE0227,Central,Madhya Pradesh,Central,Bhopal,Bhopal,Rural,Tier 3,646,DG,7,0.06640646432723397,7.236928889905634e-05
SITE0228,North,Delhi,Delhi NCR,Rohini,Delhi NCR,Urban,Tier 2,7113,Grid,5,1.9398936468929675,0.002114082193469022
SITE0229,West,Maharashtra,Maharashtra,Nashik,Mumbai,Rural,Tier 2,1459,Solar,4,0.21425703550073943,0.00023349578174197965
SITE0230,North,Haryana,Upper North,Faridabad,Delhi NCR,Semi-Urban,Tier 2,3277,DG,10,0.687477044292493,0.0007492075558293032
SITE0231,Central,Uttar Pradesh,UP,Noida,Delhi NCR,Semi-Urban,Tier 2,3922,Grid,1,0.8227906523390778,0.0008966713561069659
SITE0232,Central,Uttar Pradesh,UP,Noida,Delhi NCR,Semi-Urban,Tier 3,1967,DG,3,0.288857840185027,0.00031479520403459487
SITE0233,North,Delhi,Delhi NCR,Rohini,Delhi NCR,Semi-Urban,Tier 1,5067,DG,4,1.488197942264903,0.0016218274517979588
SITE0234,Central,Chhattisgarh,Central,Bilaspur,Raipur,Urban,Tier 1,9577,Grid,4,3.6566436157474382,0.003984984005847595
SITE0235,West,Maharashtra,Maharashtra,Nagpur,Nagpur,Urban,Tier 2,6011,Grid,5,1.6393505850518244,0.001786552518619751
SITE0236,North,Jammu & Kashmir,Upper North,Jammu,Jammu,Semi-Urban,Tier 2,2226,Grid,7,0.4669892891654225,0.0005089215804931428
SITE0237,North,Haryana,Upper North,Hisar,Hisar,Urban,Tier 2,5773,Grid,6,1.5744420108973853,0.0017158156196958616
SITE0238,North,Chandigarh,Upper North,Chandigarh,Ludhiana,Urban,Tier 1,14822,Hybrid,6,5.65926403598293,0.006167425387352308
SITE0239,North,Punjab,Upper North,Jalandhar,Ludhiana,Semi-Urban,Tier 1,5814,Grid,1,1.7075947969860166,0.00186092457169002
SITE0240,West,Rajasthan,Rajasthan,Jodhpur,Jaipur,Urban,Tier 1,14744,Grid,4,5.629482454900304,0.006134969633728405
SITE0241,Central,Madhya Pradesh,Central,Indore,Indore,Rural,Tier 3,578,Solar,2,0.059416310187525134,6.475146901494514e-05
SITE0242,West,Gujarat,Gujarat,Ahmedabad,Ahmedabad,Rural,Tier 3,377,DG,3,0.03875423692162106,4.223408965161646e-05
SITE0243,North,Delhi,Delhi NCR,Rohini,Delhi NCR,Rural,Tier 3,626,DG,5,0.06435053663908431,7.012875363902363e-05
SITE0244,North,Punjab,Upper North,Jalandhar,Ludhiana,Urban,Tier 2,7756,Grid,1,2.1152558871505494,0.0023051907061079338
SITE0245,North,Delhi,Delhi NCR,Dwarka,Delhi NCR,Urban,Tier 2,5306,DG,3,1.4470793885019098,0.0015770167465973047
SITE0246,West,Maharashtra,Maharashtra,Mumbai,Mumbai,Rural,Tier 3,466,DG,2,0.04790311513388704,5.2204471558762e-05
SITE0247,Central,Uttar Pradesh,UP,Lucknow,Lucknow,Urban,Tier 1,10551,Hybrid,9,4.0285315641381665,0.00439026482674094
SITE0248,North,Delhi,Delhi NCR,Karol Bagh,Delhi NCR,Rural,Tier 3,467,DG,9,0.04800591151829453,5.231649832176364e-05
SITE0249,Central,Uttar Pradesh,UP,Ghaziabad,Delhi NCR,Rural,Tier 1,1507,DG,6,0.30982830260415356,0.00033764866368692846
SITE0250,East,West Bengal,East,Kolkata,Kolkata,Rural,Tier 2,1207,Solar,9,0.1772503371140456,0.000193166147061391
SITE0251,West,Maharashtra,Maharashtra,Nagpur,Nagpur,Urban,Tier 1,8475,DG,7,3.235883329169838,0.0035264424610586165
SITE0252,Central,Madhya Pradesh,Central,Bhopal,Bhopal,Urban,Tier 1,13416,Hybrid,5,5.12243194621151,0.005582389623311198
SITE0253,West,Gujarat,Gujarat,Rajkot,Ahmedabad,Rural,Tier 2,863,Solar,1,0.12673325677665398,0.00013811299495773027
SITE0254,West,Rajasthan,Rajasthan,Kota,Jaipur,Urban,Tier 2,5484,Hybrid,7,1.4956244565669947,0.0016299208138597096
SITE0255,West,Gujarat,Gujarat,Ahmedabad,Ahmedabad,Urban,Tier 2,7614,Grid,7,2.076528922739077,0.0022629863378424197
SITE0256,West,Maharashtra,Maharashtra,Pune,Mumbai,Semi-Urban,Tier 3,1904,Grid,6,0.27960616558835355,0.0003047127953644477
SITE0257,North,Delhi,Delhi NCR,Karol Bagh,Delhi NCR,Rural,Tier 3,246,Solar,7,0.025287910564240797,2.7558583698402254e-05
SITE0258,North,Jammu & Kashmir,Upper North,Jammu,Jammu,Semi-Urban,Tier 2,3934,DG,4,0.8253081148143631,0.0008994148686702712
SITE0259,North,Jammu & Kashmir,Upper North,Srinagar,Srinagar,Semi-Urban,Tier 2,3967,DG,7,0.8322311366213976,0.0009069595282193609
SITE0260,West,Gujarat,Gujarat,Rajkot,Ahmedabad,Urban,Tier 2,7285,DG,9,1.9868023643491166,0.002165202977565278
SITE0261,North,Haryana,Upper North,Panipat,Panipat,Semi-Urban,Tier 2,3127,Grid,4,0.6560087633514269,0.0007149136487879863
SITE0262,East,West Bengal,East,Kolkata,Kolkata,Rural,Tier 3,409,DG,7,0.04204372122266052,4.581894606766879e-05
SITE0263,Central,Uttar Pradesh,UP,Noida,Delhi NCR,Urban,Tier 2,7601,Hybrid,4,2.0729834964197167,0.0022591225576490976
SITE0264,West,Maharashtra,Maharashtra,Mumbai,Mumbai,Semi-Urban,Tier 2,2827,Grid,7,0.5930722014692944,0.0006463258347053525
SITE0265,North,Haryana,Upper North,Faridabad,Delhi NCR,Rural,Tier 3,667,Solar,7,0.06856518839979112,7.472185092209067e-05
SITE0266,East,West Bengal,East,Siliguri,Kolkata,Semi-Urban,Tier 2,3477,DG,1,0.7294347522139146,0.0007949327652177257
SITE0267,Central,Madhya Pradesh,Central,Gwalior,Gwalior,Semi-Urban,Tier 2,3291,DG,6,0.6904140838469925,0.0007524083204864927
SITE0268,Central,Uttar Pradesh,UP,Kanpur,Lucknow,Semi-Urban,Tier 3,1385,Grid,2,0.20338998914909126,0.00022165295251037824
SITE0269,North,Chandigarh,Upper North,Chandigarh,Ludhiana,Urban,Tier 2,7822,Hybrid,7,2.133255743848839,0.002324806820935567
SITE0270,West,Maharashtra,Maharashtra,Pune,Mumbai,Urban,Tier 1,12943,Grid,4,4.941833384005335,0.005385574604540611
SITE0271,North,Haryana,Upper North,Faridabad,Delhi NCR,Rural,Tier 3,586,DG,7,0.060238681262785,6.564768311895823e-05
SITE0272,North,Delhi,Delhi NCR,Saket,Delhi NCR,Rural,Tier 3,564,DG,1,0.05797716080582037,6.318309433292225e-05
SITE0273,Central,Uttar Pradesh,UP,Noida,Delhi NCR,Rural,Tier 3,458,Solar,6,0.04708074405862718,5.1308257454748917e-05
SITE0274,Central,Uttar Pradesh,UP,Kanpur,Lucknow,Rural,Tier 3,482,Grid,3,0.04954785728440677,5.399689976678816e-05
SITE0275,West,Rajasthan,Rajasthan,Udaipur,Jaipur,Semi-Urban,Tier 2,3649,Grid,8,0.7655183810263373,0.0008342564452917692
SITE0276,East,West Bengal,East,Kolkata,Kolkata,Semi-Urban,Tier 1,5898,Grid,9,1.7322659292438123,0.0018878109948104124
SITE0277,West,Rajasthan,Rajasthan,Udaipur,Jaipur,Semi-Urban,Tier 2,2039,Grid,10,0.4277588322588933,0.0004661685097149677
SITE0278,West,Maharashtra,Maharashtra,Nashik,Mumbai,Semi-Urban,Tier 2,2485,DG,7,0.5213245209236634,0.0005681357266511499
SITE0279,North,Uttarakhand,UP,Haridwar,Dehradun,Semi-Urban,Tier 3,1928,DG,7,0.283130613053753,0.0003085537129530752
SITE0280,East,Odisha,East,Cuttack,Bhubaneswar,Semi-Urban,Tier 2,2219,DG,1,0.4655207693881728,0.0005073211981645481
SITE0281,North,Haryana,Upper North,Panipat,Panipat,Rural,Tier 2,828,DG,4,0.1215934375562798,0.00013251165680764848
SITE0282,East,Odisha,East,Cuttack,Bhubaneswar,Urban,Tier 3,3514,Grid,4,0.6708492046432336,0.0007310866553486713
SITE0283,Central,Madhya Pradesh,Central,Bhopal,Bhopal,Urban,Tier 3,3112,Grid,7,0.5941043610841614,0.0006474506748563077
SITE0284,North,Haryana,Upper North,Hisar,Hisar,Urban,Tier 2,7975,Grid,9,2.1749826843766926,0.002370280541672353
SITE0285,West,Gujarat,Gujarat,Rajkot,Ahmedabad,Semi-Urban,Tier 2,3915,Hybrid,1,0.821322132561828,0.0008950709737783711
SITE0286,East,West Bengal,East,Howrah,Kolkata,Urban,Tier 1,8687,Grid,9,3.316828139291845,0.003614655535010762
SITE0287,West,Gujarat,Gujarat,Rajkot,Ahmedabad,Urban,Tier 1,11690,Hybrid,7,4.463419010972909,0.004864202049531
SITE0288,East,West Bengal,East,Siliguri,Kolkata,Semi-Urban,Tier 3,1612,DG,6,0.2367253880926607,0.0002579816313694799
SITE0289,East,Odisha,East,Bhubaneswar,Bhubaneswar,Urban,Tier 1,10307,Grid,1,3.935368669469442,0.004288736571814887
SITE0290,West,Maharashtra,Maharashtra,Nagpur,Nagpur,Semi-Urban,Tier 2,2989,DG,1,0.6270579448856459,0.0006833632543099748
SITE0291,North,Uttarakhand,UP,Haridwar,Dehradun,Urban,Tier 1,11013,Hybrid,5,4.204930159781407,0.004582502752051745
SITE0292,East,Odisha,East,Rourkela,Bhubaneswar,Urban,Tier 2,7413,DG,6,2.0217111773397396,0.0022032463517764455
SITE0293,Central,Uttar Pradesh,UP,Lucknow,Lucknow,Rural,Tier 3,445,DG,1,0.04574439106132991,4.9851909535727666e-05
SITE0294,North,Haryana,Upper North,Panipat,Panipat,Urban,Tier 3,4310,Grid,5,0.8228116311930384,0.00089669421871166
SITE0295,North,Punjab,Upper North,Amritsar,Amritsar,Urban,Tier 1,10591,Hybrid,8,4.043804169821564,0.004406908802958325
SITE0296,West,Gujarat,Gujarat,Ahmedabad,Ahmedabad,Semi-Urban,Tier 1,6696,DG,8,1.9666416856928735,0.0021432320144541407
SITE0297,East,Odisha,East,Bhubaneswar,Bhubaneswar,Semi-Urban,Tier 2,3547,Grid,9,0.7441199499864122,0.0008109365885036736
SITE0298,Central,Madhya Pradesh,Central,Indore,Indore,Urban,Tier 3,4430,Grid,4,0.8457205397181347,0.0009216601830377388
SITE0299,Central,Uttar Pradesh,UP,Varanasi,Lucknow,Semi-Urban,Tier 3,1813,Grid,3,0.2662426356153808,0.0002901493161742352
SITE0300,North,Haryana,Upper North,Hisar,Hisar,Urban,Tier 2,6152,Hybrid,7,1.6778048243618073,0.0018284596730242402
SITE0301,North,Delhi,Delhi NCR,Karol Bagh,Delhi NCR,Urban,Tier 2,5574,Grid,4,1.5201697157010265,0.001656670061351937
SITE0302,East,West Bengal,East,Kolkata,Kolkata,Semi-Urban,Tier 3,1108,Grid,1,0.16271199131927297,0.00017732236200830256
SITE0303,North,Delhi,Delhi NCR,Dwarka,Delhi NCR,Semi-Urban,Tier 2,3910,Grid,3,0.8202731898637925,0.0008939278435436606
SITE0304,North,Chandigarh,Upper North,Chandigarh,Ludhiana,Semi-Urban,Tier 3,1532,Grid,4,0.22497722987466265,0.0002451785727407216
SITE0305,North,Haryana,Upper North,Karnal,Panipat,Semi-Urban,Tier 2,2669,Grid,3,0.5599256122113714,0.0006102029192884987
SITE0306,Central,Uttar Pradesh,UP,Varanasi,Lucknow,Rural,Tier 3,468,DG,4,0.048108707902702004,5.242852508476526e-05
SITE0307,East,Odisha,East,Cuttack,Bhubaneswar,Semi-Urban,Tier 2,3185,Grid,3,0.6681764986486391,0.0007281739595106289
SITE0308,North,Chandigarh,Upper North,Chandigarh,Ludhiana,Urban,Tier 1,9283,Hybrid,1,3.5443899639744667,0.00386265078064981
SITE0309,West,Maharashtra,Maharashtra,Nagpur,Nagpur,Semi-Urban,Tier 2,2923,Grid,6,0.6132119012715768,0.0006682739352117953
SITE0310,West,Rajasthan,Rajasthan,Udaipur,Jaipur,Urban,Tier 2,6125,Grid,6,1.6704412466215977,0.001820434898776572
SITE0311,East,Jharkhand,Bihar,Ranchi,Ranchi,Urban,Tier 1,9529,Hybrid,6,3.638316488927361,0.003965011234386732
SITE0312,North,Haryana,Upper North,Karnal,Panipat,Urban,Tier 2,6758,Hybrid,1,1.8430762358642871,0.0020085712728052365
SITE0313,West,Maharashtra,Maharashtra,Nagpur,Nagpur,Urban,Tier 1,9594,Grid,3,3.663134473162882,0.003992057695739984
SITE0314,West,Maharashtra,Maharashtra,Nagpur,Nagpur,Rural,Tier 3,446,DG,6,0.04584718744573739,4.99639362987293e-05
SITE0315,East,West Bengal,East,Durgapur,Kolkata,Rural,Tier 3,327,DG,6,0.03361441770124692,3.663275150153471e-05
SITE0316,West,Maharashtra,Maharashtra,Mumbai,Mumbai,Semi-Urban,Tier 2,3818,DG,4,0.8009726442199385,0.0008728942472249862
SITE0317,North,Haryana,Upper North,Gurugram,Delhi NCR,Urban,Tier 2,6560,DG,4,1.7890766657694173,0.0019497229283223366
SITE0318,West,Rajasthan,Rajasthan,Kota,Jaipur,Urban,Tier 1,14274,Hybrid,9,5.450029338120386,0.005939402913174124
SITE0319,Central,Uttar Pradesh,UP,Kanpur,Lucknow,Urban,Tier 2,7400,Grid,4,2.0181657510203794,0.002199382571583124
SITE0320,North,Punjab,Upper North,Patiala,Ludhiana,Urban,Tier 2,7243,Hybrid,4,1.9753479100865687,0.002152719995402239
SITE0321,Central,Chhattisgarh,Central,Raipur,Raipur,Semi-Urban,Tier 3,1792,DG,7,0.2631587440831563,0.0002867885132841861
SITE0322,North,Delhi,Delhi NCR,Dwarka,Delhi NCR,Semi-Urban,Tier 3,1915,Grid,4,0.28122153734332833,0.00030647321592590203
SITE0323,West,Gujarat,Gujarat,Vadodara,Ahmedabad,Semi-Urban,Tier 3,1929,DG,4,0.283277465031478,0.00030871375118593475
SITE0324,West,Maharashtra,Maharashtra,Mumbai,Mumbai,Urban,Tier 1,11069,DG,4,4.226311807738163,0.0046058043187560856
SITE0325,Central,Uttar Pradesh,UP,Varanasi,Lucknow,Rural,Tier 2,1344,DG,7,0.1973690580623672,0.00021509138496313954
SITE0326,North,Uttarakhand,UP,Dehradun,Dehradun,Semi-Urban,Tier 2,2226,DG,3,0.4669892891654225,0.0005089215804931428
SITE0327,East,West Bengal,East,Siliguri,Kolkata,Semi-Urban,Tier 2,2700,Grid,1,0.5664290569391918,0.0006172903267437042
SITE0328,Central,Uttar Pradesh,UP,Noida,Delhi NCR,Semi-Urban,Tier 1,4264,DG,3,1.252353666038592,0.0013648060498256357
SITE0329,West,Rajasthan,Rajasthan,Kota,Jaipur,Urban,Tier 2,6395,Grid,8,1.7440770240236927,0.0019006826412532535
SITE0330,Central,Uttar Pradesh,UP,Lucknow,Lucknow,Urban,Tier 2,6457,Grid,1,1.7609859803160257,0.001919109900636788
SITE0331,Central,Uttar Pradesh,UP,Varanasi,Lucknow,Urban,Tier 2,5645,Hybrid,10,1.5395331979067626,0.0016777722454846939
SITE0332,North,Punjab,Upper North,Bathinda,Ludhiana,Semi-Urban,Tier 3,1210,Grid,4,0.1776908930472205,0.0001936462617599694
SITE0333,West,Maharashtra,Maharashtra,Nashik,Mumbai,Urban,Tier 1,13514,Hybrid,10,5.159849830135833,0.005623167365043793
SITE0334,East,Odisha,East,Cuttack,Bhubaneswar,Urban,Tier 1,13569,Hybrid,9,5.180849662950505,0.005646052832342699
SITE0335,North,Haryana,Upper North,Faridabad,Delhi NCR,Urban,Tier 2,7990,DG,4,2.1790735608990315,0.0023747387495877243
SITE0336,Central,Uttar Pradesh,UP,Lucknow,Lucknow,Urban,Tier 2,6387,Grid,1,1.741895223211779,0.0018983049303650558
SITE0337,East,Bihar,Bihar,Gaya,Patna,Rural,Tier 3,563,DG,1,0.05787436442141289,6.307106756992061e-05
SITE0338,North,Punjab,Upper North,Amritsar,Amritsar,Semi-Urban,Tier 2,2456,Grid,2,0.5152406532750573,0.0005615055712898286
SITE0339,Central,Uttar Pradesh,UP,Lucknow,Lucknow,Urban,Tier 1,10772,DG,7,4.112912710538937,0.0044822227953419955
SITE0340,West,Maharashtra,Maharashtra,Mumbai,Mumbai,Urban,Tier 3,3749,DG,3,0.7157124838382137,0.0007799783354872421
SITE0341,West,Gujarat,Gujarat,Ahmedabad,Ahmedabad,Urban,Tier 2,5981,Grid,4,1.6311688320071474,0.0017776361027890088
SITE0342,North,Haryana,Upper North,Hisar,Hisar,Urban,Tier 2,6154,Hybrid,4,1.6783502745647856,0.0018290541007462894
SITE0343,North,Punjab,Upper North,Ludhiana,Ludhiana,Urban,Tier 1,8587,Grid,9,3.278646625083351,0.003573045594467297
SITE0344,Central,Uttar Pradesh,UP,Ghaziabad,Delhi NCR,Urban,Tier 2,5475,Hybrid,1,1.4931699306535915,0.0016272458891104869
SITE0345,Central,Madhya Pradesh,Central,Bhopal,Bhopal,Urban,Tier 2,6821,Grid,1,1.860257917258109,0.0020272957460497954
SITE0346,Central,Uttar Pradesh,UP,Ghaziabad,Delhi NCR,Semi-Urban,Tier 1,4985,DG,1,1.4641142179180069,0.001595581181609004
SITE0347,West,Gujarat,Gujarat,Vadodara,Ahmedabad,Semi-Urban,Tier 3,1276,Grid,9,0.1873831235770689,0.00020420878512869504
SITE0348,North,Haryana,Upper North,Gurugram,Delhi NCR,Urban,Tier 1,14299,Hybrid,6,5.459574716672509,0.005949805398309989
SITE0349,Central,Uttar Pradesh,UP,Varanasi,Lucknow,Urban,Tier 3,3741,Hybrid,3,0.7141852232698739,0.0007783139378655035
SITE0350,North,Delhi,Delhi NCR,Dwarka,Delhi NCR,Semi-Urban,Tier 2,2189,DG,1,0.4592271131999595,0.0005004624167562847
SITE0351,East,West Bengal,East,Siliguri,Kolkata,Semi-Urban,Tier 2,3440,Grid,3,0.7216725762484517,0.0007864736014808676
SITE0352,Central,Madhya Pradesh,Central,Bhopal,Bhopal,Rural,Tier 3,668,DG,1,0.0686679847841986,7.483387768509231e-05
SITE0353,Central,Uttar Pradesh,UP,Kanpur,Lucknow,Semi-Urban,Tier 3,1674,Grid,9,0.24583021071160918,0.0002679040018067676
SITE0354,East,Odisha,East,Rourkela,Bhubaneswar,Urban,Tier 2,6715,Grid,7,1.8313490565002497,0.0019957910767811724
SITE0355,North,Punjab,Upper North,Jalandhar,Ludhiana,Urban,Tier 3,2540,Grid,4,0.4849052304478695,0.0005284462449019992
SITE0356,Central,Uttar Pradesh,UP,Lucknow,Lucknow,Semi-Urban,Tier 3,1306,Hybrid,8,0.19178868290881815,0.00020900993211447937
SITE0357,North,Himachal Pradesh,Upper North,Solan,Shimla,Urban,Tier 2,5942,Grid,2,1.6205325530490668,0.0017660447622090435
SITE0358,East,West Bengal,East,Howrah,Kolkata,Semi-Urban,Tier 3,1337,Grid,7,0.19634109421829243,0.00021397111733312325
SITE0359,North,Chandigarh,Upper North,Chandigarh,Ludhiana,Rural,Tier 3,513,DG,8,0.05273454520103874,5.746972941983885e-05
SITE0360,Central,Uttar Pradesh,UP,Lucknow,Lucknow,Semi-Urban,Tier 2,3098,DG,4,0.6499248957028207,0.0007082834934266651
SITE0361,East,West Bengal,East,Kolkata,Kolkata,Urban,Tier 1,10326,Hybrid,7,3.9426231571690558,0.004296642460518145
SITE0362,North,Punjab,Upper North,Bathinda,Ludhiana,Semi-Urban,Tier 3,1175,DG,3,0.17255107382684637,0.00018804492360988766
SITE0363,West,Maharashtra,Maharashtra,Nagpur,Nagpur,Urban,Tier 3,3395,DG,3,0.6481312036891799,0.0007063287407253099
SITE0364,Central,Uttar Pradesh,UP,Varanasi,Lucknow,Semi-Urban,Tier 1,6320,DG,1,1.8562089984436918,0.0020228832633438125
SITE0365,West,Maharashtra,Maharashtra,Nashik,Mumbai,Rural,Tier 3,524,Grid,4,0.05386530542952106,5.8702023812856846e-05
SITE0366,North,Chandigarh,Upper North,Chandigarh,Ludhiana,Urban,Tier 3,4174,Hybrid,7,0.7968482015312628,0.0008683994591421043
SITE0367,North,Delhi,Delhi NCR,Saket,Delhi NCR,Rural,Tier 2,1482,DG,9,0.2176346309884139,0.0002371766610977477
SITE0368,North,Haryana,Upper North,Hisar,Hisar,Rural,Tier 3,546,Grid,6,0.056126825886485675,6.116661259889281e-05
SITE0369,Central,Chhattisgarh,Central,Raipur,Raipur,Urban,Tier 3,3430,Grid,8,0.6548129686756663,0.0007136104803204162
SITE0370,West,Gujarat,Gujarat,Vadodara,Ahmedabad,Urban,Tier 1,12384,Hybrid,8,4.728398719579856,0.005152975036902645
SITE0371,North,Haryana,Upper North,Hisar,Hisar,Urban,Tier 2,5723,Grid,1,1.5608057558229231,0.001700954926644624
SITE0372,West,Maharashtra,Maharashtra,Pune,Mumbai,Urban,Tier 1,10940,Hybrid,4,4.177057654409207,0.004552127495455017
SITE0373,North,Uttarakhand,UP,Dehradun,Dehradun,Urban,Tier 3,4819,Hybrid,1,0.9199835848536547,0.0010025915173947771
SITE0374,North,Delhi,Delhi NCR,Saket,Delhi NCR,Semi-Urban,Tier 3,1929,DG,7,0.283277465031478,0.00030871375118593475
SITE0375,West,Maharashtra,Maharashtra,Pune,Mumbai,Urban,Tier 3,3589,Hybrid,9,0.6851672724714188,0.0007466903830524705
SITE0376,North,Himachal Pradesh,Upper North,Dharamshala,Shimla,Urban,Tier 2,5482,Grid,1,1.4950790063640162,0.0016293263861376602
SITE0377,North,Uttarakhand,UP,Haridwar,Dehradun,Rural,Tier 3,623,DG,7,0.06404214748586187,6.979267335001873e-05
SITE0378,Central,Uttar Pradesh,UP,Lucknow,Lucknow,Urban,Tier 3,4795,Grid,6,0.9154018031486356,0.0009975983245295616
SITE0379,North,Delhi,Delhi NCR,New Delhi,Delhi NCR,Rural,Tier 3,355,DG,5,0.03649271646465644,3.9769500865580495e-05
SITE0380,West,Rajasthan,Rajasthan,Jodhpur,Jaipur,Urban,Tier 3,3570,Hybrid,4,0.6815400286216118,0.0007427374387008413
SITE0381,West,Gujarat,Gujarat,Vadodara,Ahmedabad,Urban,Tier 1,9958,Grid,4,3.802115184881799,0.004143517879318195
SITE0382,West,Gujarat,Gujarat,Rajkot,Ahmedabad,Semi-Urban,Tier 2,2453,Hybrid,1,0.514611287656236,0.0005608196931490023
SITE0383,Central,Uttar Pradesh,UP,Noida,Delhi NCR,Semi-Urban,Tier 2,2200,DG,1,0.46153478713563767,0.0005029773032726478
SITE0384,West,Gujarat,Gujarat,Vadodara,Ahmedabad,Rural,Tier 2,1359,Solar,1,0.19957183772824189,0.00021749195845603177
SITE0385,East,West Bengal,East,Howrah,Kolkata,Semi-Urban,Tier 1,4123,Grid,5,1.210941408320149,0.0013196752681592628
SITE0386,Central,Uttar Pradesh,UP,Noida,Delhi NCR,Rural,Tier 3,200,Grid,1,0.020559276881496585,2.240535260032704e-05
SITE0387,West,Gujarat,Gujarat,Surat,Ahmedabad,Urban,Tier 2,5967,DG,8,1.6273506805862978,0.0017734751087346622
SITE0388,Central,Madhya Pradesh,Central,Gwalior,Gwalior,Urban,Tier 2,5854,Grid,4,1.5965327441180137,0.0017398899424388658
SITE0389,West,Rajasthan,Rajasthan,Kota,Jaipur,Semi-Urban,Tier 1,4639,DG,7,1.362492649332324,0.0014848347244702448
SITE0390,North,Jammu & Kashmir,Upper North,Jammu,Jammu,Rural,Tier 3,390,Solar,4,0.04009058991891834,4.369043757063772e-05
SITE0391,North,Delhi,Delhi NCR,Saket,Delhi NCR,Rural,Tier 3,266,DG,5,0.027343838252390458,2.979911895843496e-05
SITE0392,North,Haryana,Upper North,Faridabad,Delhi NCR,Urban,Tier 2,7563,Grid,9,2.0626199425631255,0.0022478284309301573
SITE0393,East,West Bengal,East,Kolkata,Kolkata,Urban,Tier 2,5441,Grid,1,1.4838972772029575,0.0016171406178356457
SITE0394,Central,Uttar Pradesh,UP,Noida,Delhi NCR,Semi-Urban,Tier 3,1920,Grid,3,0.2819557972319532,0.0003072734070901994
SITE0395,East,Odisha,East,Rourkela,Bhubaneswar,Urban,Tier 3,4338,Grid,7,0.8281570431822275,0.000902519610387745
SITE0396,West,Rajasthan,Rajasthan,Jodhpur,Jaipur,Rural,Tier 3,493,DG,1,0.05067861751288909,5.5229194159806155e-05
SITE0397,West,Maharashtra,Maharashtra,Nagpur,Nagpur,Rural,Tier 3,342,DG,1,0.03515636346735916,3.831315294655924e-05
SITE0398,North,Punjab,Upper North,Jalandhar,Ludhiana,Urban,Tier 1,12628,Grid,4,4.82156161424858,0.005254503291828698
SITE0399,Central,Uttar Pradesh,UP,Kanpur,Lucknow,Semi-Urban,Tier 3,1226,Hybrid,1,0.1800405246908201,0.00019620687348572108
SITE0400,West,Rajasthan,Rajasthan,Kota,Jaipur,Semi-Urban,Tier 1,5336,DG,5,1.5672043062809398,0.0017079280210763582
SITE0401,East,Jharkhand,Bihar,Dhanbad,Ranchi,Urban,Tier 3,3448,DG,2,0.6582493049544307,0.000717355374969328
SITE0402,North,Delhi,Delhi NCR,Karol Bagh,Delhi NCR,Rural,Tier 3,501,DG,9,0.05150098858814895,5.612540826381923e-05
SITE0403,West,Gujarat,Gujarat,Ahmedabad,Ahmedabad,Semi-Urban,Tier 3,1653,Grid,7,0.2427463191793847,0.00026454319891671855
SITE0404,West,Goa,Maharashtra,Panaji,Mumbai,Rural,Tier 3,683,DG,7,0.07020993055031084,7.651427913011684e-05
SITE0405,West,Rajasthan,Rajasthan,Jaipur,Jaipur,Urban,Tier 3,2959,Grid,6,0.5648955027146638,0.0006156190703405575
SITE0406,West,Gujarat,Gujarat,Surat,Ahmedabad,Rural,Tier 3,600,DG,8,0.06167783064448975,6.721605780098111e-05
SITE0407,Central,Uttar Pradesh,UP,Lucknow,Lucknow,Urban,Tier 2,5550,Hybrid,2,1.5136243132652845,0.0016495369286873428
SITE0408,North,Delhi,Delhi NCR,Rohini,Delhi NCR,Urban,Tier 2,5392,Grid,8,1.4705337472299846,0.001602577138645433
SITE0409,Central,Uttar Pradesh,UP,Ghaziabad,Delhi NCR,Rural,Tier 3,554,Solar,7,0.05694919696174554,6.20628267029059e-05
SITE0410,West,Rajasthan,Rajasthan,Jodhpur,Jaipur,Urban,Tier 2,6787,Hybrid,7,1.850985263807475,0.0020171904747749545
SITE0411,East,West Bengal,East,Durgapur,Kolkata,Urban,Tier 3,3344,Grid,5,0.638394917566014,0.0006957182058867264
SITE0412,Central,Chhattisgarh,Central,Raipur,Raipur,Rural,Tier 3,406,DG,2,0.041735332069438066,4.5482865778663885e-05
SITE0413,North,Jammu & Kashmir,Upper North,Srinagar,Srinagar,Rural,Tier 3,409,Solar,4,0.04204372122266052,4.581894606766879e-05
SITE0414,North,Chandigarh,Upper North,Chandigarh,Ludhiana,Semi-Urban,Tier 2,3138,DG,7,0.658316437287105,0.0007174285353043494
SITE0415,East,Bihar,Bihar,Patna,Patna,Semi-Urban,Tier 2,3760,Grid,1,0.7888049089227263,0.0008596339365023436
SITE0416,West,Gujarat,Gujarat,Ahmedabad,Ahmedabad,Urban,Tier 2,5645,DG,7,1.5395331979067626,0.0016777722454846939
SITE0417,East,West Bengal,East,Howrah,Kolkata,Urban,Tier 1,14362,Grid,2,5.483629070623859,0.005976019660852371
SITE0418,North,Delhi,Delhi NCR,Dwarka,Delhi NCR,Urban,Tier 1,10454,Hybrid,1,3.991495495355928,0.00434990318441378
SITE0419,West,Rajasthan,Rajasthan,Udaipur,Jaipur,Semi-Urban,Tier 2,3466,Hybrid,1,0.7271270782782365,0.0007924178787013626
SITE0420,Central,Madhya Pradesh,Central,Bhopal,Bhopal,Semi-Urban,Tier 2,3626,Grid,1,0.7606932446153738,0.0008289980462121005
SITE0421,East,Odisha,East,Cuttack,Bhubaneswar,Semi-Urban,Tier 2,3377,Grid,4,0.7084558982532039,0.0007720701605235144
SITE0422,North,Himachal Pradesh,Upper North,Shimla,Shimla,Semi-Urban,Tier 2,2887,Grid,1,0.6056595138457209,0.0006600433975218793
SITE0423,Central,Uttar Pradesh,UP,Noida,Delhi NCR,Urban,Tier 1,14701,Grid,10,5.613064403790653,0.006117077359294716
SITE0424,West,Gujarat,Gujarat,Ahmedabad,Ahmedabad,Urban,Tier 1,10597,Grid,5,4.046095060674074,0.004409405399390934
SITE0425,North,Punjab,Upper North,Bathinda,Ludhiana,Urban,Tier 3,2641,Hybrid,1,0.5041868951231588,0.0005494592648764488
SITE0426,Central,Uttar Pradesh,UP,Lucknow,Lucknow,Semi-Urban,Tier 2,2611,Grid,7,0.5477578769141591,0.0005969426085658562
SITE0427,Central,Uttar Pradesh,UP,Varanasi,Lucknow,Urban,Tier 2,5500,Grid,9,1.4999880581908227,0.0016346762356361057
SITE0428,East,Odisha,East,Bhubaneswar,Bhubaneswar,Rural,Tier 3,527,Grid,7,0.0541736945827435,5.903810410186174e-05
SITE0429,West,Maharashtra,Maharashtra,Mumbai,Mumbai,Urban,Tier 1,14845,Hybrid,1,5.668045784250884,0.006176995673677305
SITE0430,North,Delhi,Delhi NCR,Dwarka,Delhi NCR,Urban,Tier 3,4182,Hybrid,9,0.7983754620996024,0.0008700638567638427
SITE0431,North,Punjab,Upper North,Ludhiana,Ludhiana,Urban,Tier 2,6565,Grid,7,1.7904402912768635,0.0019512089976274605
SITE0432,West,Maharashtra,Maharashtra,Nagpur,Nagpur,Semi-Urban,Tier 1,6046,DG,1,1.7757341146504053,0.0019351823117368184
SITE0433,North,Jammu & Kashmir,Upper North,Jammu,Jammu,Semi-Urban,Tier 2,3869,DG,1,0.811671859739901,0.0008845541756190338
SITE0434,Central,Uttar Pradesh,UP,Varanasi,Lucknow,Urban,Tier 3,4030,Grid,5,0.7693575113011473,0.0008384403019508097
SITE0435,North,Uttarakhand,UP,Haridwar,Dehradun,Urban,Tier 3,3095,Grid,1,0.5908589323764394,0.0006439138299101132
SITE0436,East,Odisha,East,Bhubaneswar,Bhubaneswar,Semi-Urban,Tier 2,3904,Hybrid,8,0.8190144586261497,0.0008925560872620078
SITE0437,East,Bihar,Bihar,Muzaffarpur,Patna,Urban,Tier 2,5280,Grid,4,1.4399885358631896,0.0015692891862106614
SITE0438,West,Rajasthan,Rajasthan,Udaipur,Jaipur,Rural,Tier 2,1123,DG,9,0.16491477098514762,0.00017972293550119474
SITE0439,East,Odisha,East,Cuttack,Bhubaneswar,Semi-Urban,Tier 3,1855,Grid,5,0.2724104186798298,0.00029687092195433327
SITE0440,Central,Uttar Pradesh,UP,Lucknow,Lucknow,Urban,Tier 1,12365,Grid,1,4.721144231880242,0.005145069148199386
SITE0441,West,Gujarat,Gujarat,Vadodara,Ahmedabad,Urban,Tier 3,2653,Hybrid,1,0.5064777859756684,0.0005519558613090565
SITE0442,North,Delhi,Delhi NCR,Karol Bagh,Delhi NCR,Rural,Tier 3,301,Solar,5,0.030941711706652362,3.372005566349219e-05
SITE0443,West,Maharashtra,Maharashtra,Mumbai,Mumbai,Urban,Tier 2,6750,Hybrid,7,1.840894435052373,0.0020061935619170384
SITE0444,West,Gujarat,Gujarat,Ahmedabad,Ahmedabad,Urban,Tier 2,5661,Grid,7,1.5438967995305901,0.0016825276672610895
SITE0445,Central,Chhattisgarh,Central,Bilaspur,Raipur,Rural,Tier 3,631,DG,3,0.06486451856112173,7.068888745403181e-05
SITE0446,West,Maharashtra,Maharashtra,Mumbai,Mumbai,Rural,Tier 2,782,DG,1,0.11483824658093093,0.00012514989809611247
SITE0447,East,West Bengal,East,Siliguri,Kolkata,Rural,Tier 3,309,DG,1,0.03176408278191223,3.461626976750528e-05
SITE0448,Central,Uttar Pradesh,UP,Lucknow,Lucknow,Semi-Urban,Tier 2,2946,Grid,7,0.6180370376825403,0.0006735323342914639
SITE0449,North,Haryana,Upper North,Panipat,Panipat,Urban,Tier 2,7946,Hybrid,1,2.1670736564335047,0.0023616613397026355
SITE0450,East,Jharkhand,Bihar,Ranchi,Ranchi,Urban,Tier 2,6449,Grid,4,1.7588041795041116,0.0019167321897485899
SITE0451,West,Gujarat,Gujarat,Vadodara,Ahmedabad,Semi-Urban,Tier 1,5298,DG,6,1.5560435559738417,0.001695765115379038
SITE0452,West,Maharashtra,Maharashtra,Nagpur,Nagpur,Semi-Urban,Tier 3,1712,Grid,9,0.25141058586515824,0.00027398545465542775
SITE0453,West,Goa,Maharashtra,Panaji,Mumbai,Urban,Tier 3,4831,Grid,3,0.9222744757061643,0.001005088113827385
SITE0454,North,Haryana,Upper North,Hisar,Hisar,Rural,Tier 3,667,DG,2,0.06856518839979112,7.472185092209067e-05
SITE0455,West,Rajasthan,Rajasthan,Udaipur,Jaipur,Urban,Tier 3,4720,DG,6,0.9010837353204505,0.0009819945968257623
SITE0456,West,Maharashtra,Maharashtra,Nashik,Mumbai,Urban,Tier 1,11789,Hybrid,6,4.501218710039318,0.00490539589066903
SITE0457,West,Maharashtra,Maharashtra,Pune,Mumbai,Urban,Tier 2,7810,DG,4,2.1299830426309683,0.0023212402546032703
SITE0458,East,Bihar,Bihar,Patna,Patna,Urban,Tier 2,6659,Grid,9,1.816076450816852,0.0019791471005637866
SITE0459,West,Gujarat,Gujarat,Surat,Ahmedabad,Urban,Tier 2,6398,Grid,8,1.7448951993281603,0.0019015742828363278
SITE0460,North,Delhi,Delhi NCR,Saket,Delhi NCR,Urban,Tier 1,12728,Grid,2,4.859743128457074,0.005296113232372163
SITE0461,West,Maharashtra,Maharashtra,Mumbai,Mumbai,Urban,Tier 3,4031,Grid,2,0.7695484188721897,0.000838648351653527
SITE0462,East,West Bengal,East,Durgapur,Kolkata,Semi-Urban,Tier 2,2786,DG,4,0.584470871345403,0.0006369521667807258
SITE0463,North,Delhi,Delhi NCR,New Delhi,Delhi NCR,Semi-Urban,Tier 2,2942,Grid,7,0.6171978835241119,0.0006726178301036954
SITE0464,North,Delhi,Delhi NCR,Karol Bagh,Delhi NCR,Semi-Urban,Tier 2,3011,DG,1,0.6316732927570023,0.0006883930273427013
SITE0465,North,Punjab,Upper North,Ludhiana,Ludhiana,Rural,Tier 3,597,DG,7,0.06136944149126731,6.687997751197621e-05
SITE0466,North,Punjab,Upper North,Ludhiana,Ludhiana,Urban,Tier 2,6143,Grid,6,1.6753502984484043,0.0018257847482750177
SITE0467,Central,Madhya Pradesh,Central,Gwalior,Gwalior,Urban,Tier 1,8933,Hybrid,2,3.4107546642447386,0.0037170159887476837
SITE0468,Central,Uttar Pradesh,UP,Kanpur,Lucknow,Rural,Tier 3,636,DG,7,0.06537850048315914,7.124902126903998e-05
SITE0469,North,Uttarakhand,UP,Haldwani,Haldwani,Urban,Tier 1,13948,Grid,9,5.325557601800696,0.005803754507002429
SITE0470,Central,Uttar Pradesh,UP,Lucknow,Lucknow,Rural,Tier 2,1375,DG,1,0.2019214693718415,0.00022005257018178345
SITE0471,West,Maharashtra,Maharashtra,Nagpur,Nagpur,Urban,Tier 3,2785,Grid,3,0.5316775853532743,0.0005794184220677432
SITE0472,East,Bihar,Bihar,Gaya,Patna,Rural,Tier 3,464,Solar,4,0.047697522365072076,5.1980418032758725e-05
SITE0473,East,Bihar,Bihar,Patna,Patna,Urban,Tier 3,4867,Hybrid,9,0.9291471482636934,0.0010125779031252087
SITE0474,West,Maharashtra,Maharashtra,Nagpur,Nagpur,Rural,Tier 3,360,Grid,10,0.037006698386693855,4.032963468058867e-05
SITE0475,Central,Chhattisgarh,Central,Raipur,Raipur,Semi-Urban,Tier 3,1375,DG,4,0.2019214693718415,0.00022005257018178345
SITE0476,Central,Uttar Pradesh,UP,Noida,Delhi NCR,Rural,Tier 3,507,DG,7,0.052117766894593846,5.679756884182904e-05
SITE0477,North,Jammu & Kashmir,Upper North,Jammu,Jammu,Urban,Tier 1,14232,Hybrid,4,5.433993102152818,0.0059219267381458674
SITE0478,North,Delhi,Delhi NCR,Karol Bagh,Delhi NCR,Semi-Urban,Tier 2,3677,DG,4,0.7713924601353362,0.0008406579746061483
SITE0479,West,Maharashtra,Maharashtra,Nagpur,Nagpur,Rural,Tier 3,402,DG,3,0.04132414653180813,4.503475872665734e-05
SITE0480,Central,Uttar Pradesh,UP,Ghaziabad,Delhi NCR,Semi-Urban,Tier 2,2820,DG,1,0.5916036816920447,0.0006447254523767578
SITE0481,East,Bihar,Bihar,Muzaffarpur,Patna,Semi-Urban,Tier 3,1738,Grid,3,0.25522873728600765,0.00027814644870977426
SITE0482,Central,Uttar Pradesh,UP,Varanasi,Lucknow,Semi-Urban,Tier 2,3000,Hybrid,5,0.6293656188213241,0.000685878140826338
SITE0483,Central,Chhattisgarh,Central,Bilaspur,Raipur,Urban,Tier 1,10381,Grid,1,3.9636229899837274,0.004319527927817051
SITE0484,West,Rajasthan,Rajasthan,Jodhpur,Jaipur,Semi-Urban,Tier 2,2221,DG,9,0.46594034646738697,0.0005077784502584322
SITE0485,Central,Madhya Pradesh,Central,Bhopal,Bhopal,Semi-Urban,Tier 3,1040,DG,1,0.15272605683397464,0.00016643976217385799
SITE0486,Central,Uttar Pradesh,UP,Noida,Delhi NCR,Rural,Tier 2,1407,Grid,2,0.2066207326590407,0.00022517379363328675
SITE0487,North,Uttarakhand,UP,Haldwani,Haldwani,Urban,Tier 3,2567,Hybrid,4,0.4900597348660162,0.0005340635868753669
SITE0488,West,Gujarat,Gujarat,Rajkot,Ahmedabad,Urban,Tier 2,5987,Hybrid,7,1.6328051826160828,0.0017794193859551571
SITE0489,Central,Madhya Pradesh,Central,Indore,Indore,Rural,Tier 3,463,DG,1,0.047594725980664596,5.186839126975709e-05
SITE0490,North,Punjab,Upper North,Patiala,Ludhiana,Rural,Tier 3,201,DG,3,0.020662073265904066,2.251737936332867e-05
SITE0491,Central,Madhya Pradesh,Central,Gwalior,Gwalior,Urban,Tier 3,4121,Grid,10,0.7867301002660119,0.000857372824898086
SITE0492,North,Delhi,Delhi NCR,New Delhi,Delhi NCR,Semi-Urban,Tier 2,3960,DG,3,0.8307626168441479,0.0009053591458907662
SITE0493,West,Gujarat,Gujarat,Rajkot,Ahmedabad,Urban,Tier 2,6655,Grid,3,1.8149855504108954,0.0019779582451196877
SITE0494,Central,Madhya Pradesh,Central,Gwalior,Gwalior,Urban,Tier 2,6278,Hybrid,8,1.7121681871494516,0.0018659086195133583
SITE0495,North,Delhi,Delhi NCR,Saket,Delhi NCR,Urban,Tier 1,12790,Grid,1,4.883415667266339,0.00532191139550911
SITE0496,North,Delhi,Delhi NCR,Saket,Delhi NCR,Urban,Tier 3,3585,Grid,4,0.6844036421872489,0.0007458581842416012
SITE0497,West,Maharashtra,Maharashtra,Mumbai,Mumbai,Semi-Urban,Tier 3,1880,DG,4,0.2760817181229542,0.00030087187777582026
SITE0498,East,West Bengal,East,Kolkata,Kolkata,Urban,Tier 2,7479,Grid,3,2.0397110340380293,0.0022228624666040787
SITE0499,North,Punjab,Upper North,Bathinda,Ludhiana,Rural,Tier 3,357,DG,3,0.0366983092334714,3.9993554391583755e-05
SITE0500,East,West Bengal,East,Howrah,Kolkata,Rural,Tier 3,467,DG,1,0.04800591151829453,5.231649832176364e-05
SITE0501,North,Haryana,Upper North,Faridabad,Delhi NCR,Semi-Urban,Tier 3,1034,Hybrid,3,0.1518449449676248,0.00016547953277670113
SITE0502,East,Jharkhand,Bihar,Ranchi,Ranchi,Semi-Urban,Tier 3,1778,DG,1,0.26110281639500665,0.0002845479780241534
SITE0503,East,Bihar,Bihar,Patna,Patna,Urban,Tier 2,5493,Grid,7,1.498078982480398,0.0016325957386089324
SITE0504,West,Maharashtra,Maharashtra,Pune,Mumbai,Rural,Tier 3,249,DG,4,0.025596299717463248,2.7894663987407162e-05
SITE0505,West,Gujarat,Gujarat,Vadodara,Ahmedabad,Semi-Urban,Tier 3,1468,Grid,4,0.2155787033002642,0.00023493612583771497
SITE0506,West,Maharashtra,Maharashtra,Nashik,Mumbai,Urban,Tier 2,6790,Hybrid,9,1.8518034391119427,0.0020180821163580283
SITE0507,West,Rajasthan,Rajasthan,Kota,Jaipur,Rural,Tier 2,1360,Solar,6,0.19971868970596682,0.00021765199668889122
SITE0508,North,Haryana,Upper North,Hisar,Hisar,Rural,Tier 3,524,DG,1,0.05386530542952106,5.8702023812856846e-05
SITE0509,North,Punjab,Upper North,Jalandhar,Ludhiana,Rural,Tier 3,503,DG,9,0.05170658135696391,5.63494617898225e-05
SITE0510,North,Punjab,Upper North,Amritsar,Amritsar,Semi-Urban,Tier 1,5299,Grid,2,1.5563372599292915,0.0016960851918447568
SITE0511,West,Maharashtra,Maharashtra,Mumbai,Mumbai,Semi-Urban,Tier 3,1868,DG,1,0.2743194943902545,0.00029895141898150654
SITE0512,North,Chandigarh,Upper North,Chandigarh,Ludhiana,Urban,Tier 1,9986,Hybrid,7,3.8128060088601767,0.004155168662670365
SITE0513,West,Rajasthan,Rajasthan,Udaipur,Jaipur,Rural,Tier 3,371,DG,4,0.038137458615176166,4.1561929073606653e-05
SITE0514,East,Jharkhand,Bihar,Dhanbad,Ranchi,Rural,Tier 3,616,DG,4,0.06332257279500948,6.900848600900728e-05
SITE0515,West,Maharashtra,Maharashtra,Nagpur,Nagpur,Urban,Tier 1,10044,Grid,2,3.834951287101103,0.004179302428185574
SITE0516,West,Gujarat,Gujarat,Surat,Ahmedabad,Urban,Tier 3,4428,DG,4,0.8453387245760496,0.0009212440836323041
SITE0517,West,Maharashtra,Maharashtra,Pune,Mumbai,Urban,Tier 3,3847,Grid,3,0.7344214258003756,0.0008003672063535397
SITE0518,Central,Chhattisgarh,Central,Bilaspur,Raipur,Rural,Tier 3,234,Solar,9,0.024054353951351002,2.621426254238263e-05
SITE0519,East,West Bengal,East,Durgapur,Kolkata,Rural,Tier 1,2476,Solar,1,0.5090476955858555,0.0005547565303840975
SITE0520,East,West Bengal,East,Siliguri,Kolkata,Urban,Tier 1,12577,Grid,9,4.8020890420022475,0.00523328222215153
SITE0521,East,Bihar,Bihar,Muzaffarpur,Patna,Semi-Urban,Tier 3,1727,Grid,5,0.25361336553103286,0.00027638602814831993
SITE0522,North,Punjab,Upper North,Patiala,Ludhiana,Urban,Tier 3,3531,Grid,8,0.6740946333509557,0.0007346235002948659
SITE0523,Central,Madhya Pradesh,Central,Gwalior,Gwalior,Rural,Tier 3,500,Solar,7,0.05139819220374147,5.6013381500817604e-05
SITE0524,Central,Uttar Pradesh,UP,Kanpur,Lucknow,Rural,Tier 3,542,Solar,7,0.05571564034885575,6.071850554688627e-05
SITE0525,North,Delhi,Delhi NCR,Saket,Delhi NCR,Rural,Tier 3,630,Solar,3,0.06476172217671423,7.057686069103016e-05
SITE0526,East,Bihar,Bihar,Muzaffarpur,Patna,Urban,Tier 2,6447,Grid,2,1.7582587293011334,0.0019161377620265407
SITE0527,North,Haryana,Upper North,Faridabad,Delhi NCR,Urban,Tier 2,7379,Grid,1,2.0124385238891054,0.002193141080501604
SITE0528,Central,Uttar Pradesh,UP,Ghaziabad,Delhi NCR,Urban,Tier 1,14581,DG,8,5.567246586740461,0.006067145430642558
SITE0529,North,Delhi,Delhi NCR,Rohini,Delhi NCR,Urban,Tier 2,7221,Hybrid,8,1.9693479578538053,0.002146181290459694
SITE0530,West,Maharashtra,Maharashtra,Pune,Mumbai,Rural,Tier 3,246,DG,4,0.025287910564240797,2.7558583698402254e-05
SITE0531,Central,Uttar Pradesh,UP,Ghaziabad,Delhi NCR,Rural,Tier 3,214,Grid,1,0.021998426263201344,2.3973727282349926e-05
SITE0532,West,Gujarat,Gujarat,Surat,Ahmedabad,Rural,Tier 3,560,Solar,4,0.057565975268190434,6.27349872809157e-05
SITE0533,West,Maharashtra,Maharashtra,Pune,Mumbai,Rural,Tier 3,346,DG,6,0.035567549004989096,3.876125999856578e-05
SITE0534,North,Himachal Pradesh,Upper North,Shimla,Shimla,Semi-Urban,Tier 3,1025,DG,4,0.15052327716810002,0.00016403918868096584
SITE0535,Central,Madhya Pradesh,Central,Bhopal,Bhopal,Semi-Urban,Tier 2,2819,DG,7,0.5913938931524376,0.0006444968263298156
SITE0536,North,Haryana,Upper North,Karnal,Panipat,Rural,Tier 3,292,Solar,10,0.03001654424698501,3.271181479647747e-05
SITE0537,West,Maharashtra,Maharashtra,Nagpur,Nagpur,Rural,Tier 3,605,DG,1,0.06219181256652717,6.77761916159893e-05
SITE0538,East,West Bengal,East,Durgapur,Kolkata,Urban,Tier 1,14375,Grid,4,5.4885926674709635,0.005981428953123022
SITE0539,Central,Chhattisgarh,Central,Bilaspur,Raipur,Urban,Tier 2,7580,DG,4,2.0672562692884426,0.0022528810665675783
SITE0540,West,Maharashtra,Maharashtra,Mumbai,Mumbai,Urban,Tier 2,6573,Grid,3,1.7926220920887777,0.0019535867085156587
SITE0541,Central,Uttar Pradesh,UP,Lucknow,Lucknow,Rural,Tier 2,1487,DG,1,0.21836889087703876,0.00023797685226204508
SITE0542,Central,Madhya Pradesh,Central,Bhopal,Bhopal,Semi-Urban,Tier 2,2504,DG,1,0.5253105031761985,0.0005724796215430501
SITE0543,East,West Bengal,East,Howrah,Kolkata,Urban,Tier 2,5178,Grid,9,1.412170575511287,0.001538973372386137
SITE0544,West,Gujarat,Gujarat,Surat,Ahmedabad,Semi-Urban,Tier 3,1131,DG,4,0.16608958680694744,0.0001810032413640706
SITE0545,North,Delhi,Delhi NCR,Karol Bagh,Delhi NCR,Semi-Urban,Tier 1,5846,Hybrid,4,1.716993323560415,0.0018711670185930266
SITE0546,North,Delhi,Delhi NCR,Karol Bagh,Delhi NCR,Urban,Tier 3,3978,Grid,9,0.759430317606939,0.000827621717409509
SITE0547,North,Jammu & Kashmir,Upper North,Srinagar,Srinagar,Urban,Tier 3,4895,Grid,7,0.9344925602528825,0.0010184032948012938
SITE0548,West,Rajasthan,Rajasthan,Udaipur,Jaipur,Semi-Urban,Tier 3,1539,Grid,1,0.22600519371873748,0.00024629884037073794
SITE0549,North,Punjab,Upper North,Amritsar,Amritsar,Semi-Urban,Tier 3,1771,Hybrid,5,0.2600748525509318,0.00028342771039413707
SITE0550,West,Rajasthan,Rajasthan,Kota,Jaipur,Semi-Urban,Tier 2,3429,DG,4,0.7193649023127735,0.0007839587149645043
SITE0551,North,Uttarakhand,UP,Dehradun,Dehradun,Semi-Urban,Tier 3,1075,Grid,7,0.1578658760543488,0.00017204110032393978
SITE0552,North,Jammu & Kashmir,Upper North,Jammu,Jammu,Rural,Tier 2,1278,Solar,7,0.18767682753251885,0.000204528861594414
SITE0553,East,West Bengal,East,Kolkata,Kolkata,Semi-Urban,Tier 1,6901,Hybrid,7,2.0268509965601136,0.0022088476899265273
SITE0554,West,Maharashtra,Maharashtra,Nagpur,Nagpur,Semi-Urban,Tier 2,3515,DG,4,0.7374067167189847,0.000803620555001526
SITE0555,North,Haryana,Upper North,Karnal,Panipat,Rural,Tier 3,393,Grid,7,0.040398979072140795,4.4026517859642634e-05
SITE0556,Central,Madhya Pradesh,Central,Bhopal,Bhopal,Urban,Tier 2,7007,Grid,1,1.9109847861351077,0.0020825775242003983
SITE0557,North,Punjab,Upper North,Jalandhar,Ludhiana,Urban,Tier 2,6185,Hybrid,1,1.6868047527109524,0.001838267730438057
SITE0558,Central,Uttar Pradesh,UP,Kanpur,Lucknow,Urban,Tier 2,7394,Grid,4,2.016529400411444,0.0021975992884169754
SITE0559,Central,Uttar Pradesh,UP,Lucknow,Lucknow,Semi-Urban,Tier 2,2950,DG,1,0.6188761918409688,0.0006744468384792324
SITE0560,North,Uttarakhand,UP,Haldwani,Haldwani,Semi-Urban,Tier 3,1360,DG,2,0.19971868970596682,0.00021765199668889122
SITE0561,Central,Madhya Pradesh,Central,Indore,Indore,Semi-Urban,Tier 2,3792,DG,8,0.7955181421901537,0.0008669499700044912
SITE0562,West,Gujarat,Gujarat,Ahmedabad,Ahmedabad,Urban,Tier 2,6110,Hybrid,9,1.6663503700992592,0.0018159766908612009
SITE0563,West,Maharashtra,Maharashtra,Pune,Mumbai,Urban,Tier 1,12005,Grid,3,4.583690780729664,0.004995273362242913
SITE0564,North,Punjab,Upper North,Ludhiana,Ludhiana,Urban,Tier 2,7261,Grid,3,1.980256961913375,0.002158069844900684
SITE0565,North,Jammu & Kashmir,Upper North,Srinagar,Srinagar,Urban,Tier 2,6936,DG,3,1.8916213039293719,0.0020614753400676417
SITE0566,East,Odisha,East,Rourkela,Bhubaneswar,Semi-Urban,Tier 2,2572,Hybrid,3,0.5395761238694818,0.0005880261927351137
SITE0567,West,Maharashtra,Maharashtra,Nagpur,Nagpur,Urban,Tier 1,12875,Grid,1,4.915869954343559,0.0053572798449710544
SITE0568,West,Gujarat,Gujarat,Vadodara,Ahmedabad,Urban,Tier 2,5261,Grid,9,1.4348067589348943,0.0015636421228511913
SITE0569,West,Gujarat,Gujarat,Ahmedabad,Ahmedabad,Rural,Tier 3,417,DG,1,0.042866092297920384,4.6715160171681876e-05
SITE0570,West,Rajasthan,Rajasthan,Kota,Jaipur,Urban,Tier 1,12378,Hybrid,4,4.726107828727345,0.0051504784404700354
SITE0571,North,Punjab,Upper North,Amritsar,Amritsar,Semi-Urban,Tier 3,1647,DG,1,0.24186520731303485,0.0002635829695195617
SITE0572,North,Uttarakhand,UP,Haridwar,Dehradun,Semi-Urban,Tier 2,3490,Grid,8,0.7321620032288071,0.0007979049038279732
SITE0573,Central,Uttar Pradesh,UP,Varanasi,Lucknow,Urban,Tier 2,5361,Grid,7,1.4620792690838182,0.0015933635089536659
SITE0574,North,Delhi,Delhi NCR,Karol Bagh,Delhi NCR,Semi-Urban,Tier 3,1448,DG,9,0.2126416637457647,0.00023173536118052538
SITE0575,North,Delhi,Delhi NCR,Dwarka,Delhi NCR,Rural,Tier 3,640,Solar,7,0.06578968602078906,7.169712832104651e-05
SITE0576,North,Punjab,Upper North,Patiala,Ludhiana,Rural,Tier 3,292,DG,3,0.03001654424698501,3.271181479647747e-05
SITE0577,West,Maharashtra,Maharashtra,Pune,Mumbai,Urban,Tier 2,6644,Grid,2,1.8119855742945137,0.0019746888926484157
SITE0578,East,West Bengal,East,Kolkata,Kolkata,Rural,Tier 3,440,DG,7,0.045230409139292486,4.9291775720719484e-05
SITE0579,North,Punjab,Upper North,Bathinda,Ludhiana,Urban,Tier 3,3366,Grid,4,0.6425948841289484,0.0007002952993465076
SITE0580,North,Delhi,Delhi NCR,Rohini,Delhi NCR,Urban,Tier 2,6447,Grid,5,1.7582587293011334,0.0019161377620265407
SITE0581,North,Jammu & Kashmir,Upper North,Srinagar,Srinagar,Urban,Tier 3,2641,Hybrid,1,0.5041868951231588,0.0005494592648764488
SITE0582,Central,Uttar Pradesh,UP,Ghaziabad,Delhi NCR,Rural,Tier 3,490,Grid,1,0.05037022835966663,5.489311387080124e-05
SITE0583,West,Rajasthan,Rajasthan,Jaipur,Jaipur,Urban,Tier 1,9455,Hybrid,4,3.6100621684130756,0.003934219878384568
SITE0584,West,Maharashtra,Maharashtra,Nashik,Mumbai,Urban,Tier 1,14892,Hybrid,5,5.685991095928876,0.006196552345732733
SITE0585,Central,Uttar Pradesh,UP,Varanasi,Lucknow,Semi-Urban,Tier 3,1851,Grid,7,0.2718230107689299,0.00029623076902289536
SITE0586,West,Rajasthan,Rajasthan,Udaipur,Jaipur,Urban,Tier 2,6847,Grid,1,1.8673487698968294,0.002035023306436439
SITE0587,East,West Bengal,East,Howrah,Kolkata,Urban,Tier 3,4212,Grid,4,0.8041026892308767,0.0008763053478453626
SITE0588,Central,Madhya Pradesh,Central,Indore,Indore,Urban,Tier 2,7700,Grid,1,2.0999832814671517,0.002288546729890548
SITE0589,North,Delhi,Delhi NCR,Saket,Delhi NCR,Urban,Tier 3,3200,Hybrid,1,0.6109042273358986,0.0006657590486954319
SITE0590,North,Chandigarh,Upper North,Chandigarh,Ludhiana,Urban,Tier 1,13093,DG,4,4.9991056553180755,0.005447989515355808
SITE0591,North,Haryana,Upper North,Faridabad,Delhi NCR,Urban,Tier 3,4596,Grid,1,0.8774111965111844,0.0009561964336888143
SITE0592,North,Himachal Pradesh,Upper North,Solan,Shimla,Semi-Urban,Tier 3,1301,DG,2,0.1910544230201933,0.00020820974095018199
SITE0593,East,Jharkhand,Bihar,Dhanbad,Ranchi,Urban,Tier 2,5880,Hybrid,3,1.6036235967567338,0.001747617502825509
SITE0594,West,Maharashtra,Maharashtra,Nashik,Mumbai,Urban,Tier 3,3713,Grid,3,0.7088398112806849,0.0007724885461894184
SITE0595,North,Delhi,Delhi NCR,New Delhi,Delhi NCR,Rural,Tier 3,335,DG,1,0.034436788776506785,3.7528965605547795e-05
SITE0596,Central,Uttar Pradesh,UP,Noida,Delhi NCR,Urban,Tier 2,5554,Hybrid,1,1.5147152136712416,0.0016507257841314419
SITE0597,West,Gujarat,Gujarat,Surat,Ahmedabad,Semi-Urban,Tier 2,2403,DG,1,0.5041218606758806,0.0005493883908018967
SITE0598,North,Haryana,Upper North,Faridabad,Delhi NCR,Urban,Tier 1,12987,Grid,1,4.958633250257072,0.0054038829783797345
SITE0599,West,Maharashtra,Maharashtra,Nashik,Mumbai,Urban,Tier 3,3101,Grid,6,0.5920043778026943,0.0006451621281264173
SITE0600,West,Maharashtra,Maharashtra,Nagpur,Nagpur,Urban,Tier 2,6830,Hybrid,3,1.8627124431715123,0.002029970670799018
SITE0601,Central,Uttar Pradesh,UP,Noida,Delhi NCR,Urban,Tier 2,5340,Grid,3,1.456352041952544,0.001587122017872146
SITE0602,North,Punjab,Upper North,Amritsar,Amritsar,Urban,Tier 2,6968,Grid,4,1.9003485071770276,0.0020709861836204334
SITE0603,North,Chandigarh,Upper North,Chandigarh,Ludhiana,Urban,Tier 1,8703,Hybrid,6,3.3229371815652033,0.0036213131254977157
SITE0604,West,Gujarat,Gujarat,Surat,Ahmedabad,Urban,Tier 1,12413,Grid,8,4.739471358700318,0.0051650419196602486
SITE0605,North,Chandigarh,Upper North,Chandigarh,Ludhiana,Urban,Tier 2,7665,Hybrid,7,2.090437902915028,0.0022781442447546815
SITE0606,West,Rajasthan,Rajasthan,Kota,Jaipur,Urban,Tier 2,6386,Grid,7,1.7416224981102895,0.0018980077165040308
SITE0607,West,Maharashtra,Maharashtra,Mumbai,Mumbai,Urban,Tier 1,10429,DG,4,3.981950116803804,0.004339500699277913
SITE0608,North,Uttarakhand,UP,Haridwar,Dehradun,Urban,Tier 2,7280,Grid,7,1.9854387388416705,0.002163716908260154
SITE0609,East,Odisha,East,Cuttack,Bhubaneswar,Semi-Urban,Tier 1,5800,Grid,5,1.703482941609717,0.0018564435011699544
SITE0610,West,Rajasthan,Rajasthan,Jaipur,Jaipur,Semi-Urban,Tier 2,3367,Grid,1,0.7063580128571327,0.0007697839000540932
SITE0611,North,Haryana,Upper North,Panipat,Panipat,Urban,Tier 1,13668,Grid,1,5.218649362016914,0.005687246673480729
SITE0612,West,Gujarat,Gujarat,Surat,Ahmedabad,Semi-Urban,Tier 3,1816,Hybrid,3,0.26668319154855574,0.0002906294308728136
SITE0613,Central,Uttar Pradesh,UP,Ghaziabad,Delhi NCR,Semi-Urban,Tier 2,2552,Hybrid,9,0.5353803530773398,0.0005834536717962716
SITE0614,Central,Uttar Pradesh,UP,Varanasi,Lucknow,Urban,Tier 2,5855,Grid,4,1.5968054692195028,0.0017401871562998904
SITE0615,North,Delhi,Delhi NCR,New Delhi,Delhi NCR,Rural,Tier 1,2318,DG,7,0.4765640381130909,0.0005193560732755808
SITE0616,East,Bihar,Bihar,Gaya,Patna,Rural,Tier 2,1270,Solar,4,0.18650201171071903,0.00020324855573153813
SITE0617,West,Maharashtra,Maharashtra,Mumbai,Mumbai,Urban,Tier 2,5182,Hybrid,4,1.4132614759172442,0.0015401622278302363
SITE0618,North,Haryana,Upper North,Karnal,Panipat,Urban,Tier 2,6574,Grid,1,1.7928948171902668,0.0019538839223766833
SITE0619,North,Delhi,Delhi NCR,Karol Bagh,Delhi NCR,Rural,Tier 3,596,DG,1,0.061266645106859835,6.676795074897458e-05
SITE0620,North,Haryana,Upper North,Faridabad,Delhi NCR,Semi-Urban,Tier 2,3727,DG,8,0.7818818871156916,0.0008520892769532538
SITE0621,Central,Madhya Pradesh,Central,Indore,Indore,Urban,Tier 2,7826,Hybrid,5,2.134346644254796,0.0023259956763796662
SITE0622,North,Haryana,Upper North,Hisar,Hisar,Urban,Tier 3,4017,Grid,4,0.7668757128775952,0.0008357356558154845
SITE0623,North,Haryana,Upper North,Panipat,Panipat,Urban,Tier 2,5906,Hybrid,7,1.6107144493954542,0.0017553450632121527
SITE0624,Central,Chhattisgarh,Central,Bilaspur,Raipur,Urban,Tier 1,9356,Grid,2,3.5722624693466667,0.0038930260372465383
SITE0625,North,Uttarakhand,UP,Haldwani,Haldwani,Semi-Urban,Tier 2,2126,DG,10,0.4460104352047117,0.0004860589757989315
SITE0626,North,Punjab,Upper North,Amritsar,Amritsar,Urban,Tier 1,11629,Grid,4,4.440128287305727,0.004838819985799487
SITE0627,North,Punjab,Upper North,Bathinda,Ludhiana,Urban,Tier 1,11628,Grid,4,4.439746472163643,0.004838403886394052
SITE0628,North,Haryana,Upper North,Karnal,Panipat,Semi-Urban,Tier 3,1000,DG,3,0.14685197772497563,0.00016003823285947887
SITE0629,North,Delhi,Delhi NCR,Saket,Delhi NCR,Urban,Tier 1,11239,Hybrid,1,4.291220381892603,0.004676541217679976
SITE0630,Central,Uttar Pradesh,UP,Noida,Delhi NCR,Urban,Tier 2,5018,Grid,1,1.3685345592730087,0.0014914191546221778
SITE0631,North,Haryana,Upper North,Hisar,Hisar,Semi-Urban,Tier 3,1331,DG,6,0.19545998235194254,0.00021301088793596634
SITE0632,North,Haryana,Upper North,Karnal,Panipat,Rural,Tier 3,271,DG,8,0.027857820174427873,3.0359252773443136e-05
SITE0633,Central,Uttar Pradesh,UP,Kanpur,Lucknow,Semi-Urban,Tier 2,2455,DG,7,0.5150308647354502,0.0005612769452428866
SITE0634,Central,Uttar Pradesh,UP,Lucknow,Lucknow,Semi-Urban,Tier 1,6036,DG,1,1.7727970750959057,0.0019319815470796287
SITE0635,West,Maharashtra,Maharashtra,Nashik,Mumbai,Urban,Tier 2,6132,Hybrid,4,1.6723503223320226,0.0018225153958037455
SITE0636,West,Gujarat,Gujarat,Rajkot,Ahmedabad,Urban,Tier 2,7492,Hybrid,1,2.0432564603573895,0.0022267262467974003
SITE0637,North,Jammu & Kashmir,Upper North,Jammu,Jammu,Semi-Urban,Tier 1,5952,Grid,1,1.74812594283811,0.0019050951239592364
SITE0638,West,Maharashtra,Maharashtra,Mumbai,Mumbai,Urban,Tier 2,7649,Hybrid,6,2.0860743012912004,0.0022733888229782857
SITE0639,West,Gujarat,Gujarat,Vadodara,Ahmedabad,Urban,Tier 1,14246,Grid,4,5.4393385141420065,0.005927752129821952
SITE0640,West,Maharashtra,Maharashtra,Pune,Mumbai,Urban,Tier 1,8987,Grid,1,3.431372681917326,0.0037394853566411553
SITE0641,East,West Bengal,East,Howrah,Kolkata,Urban,Tier 2,5519,Grid,1,1.505169835119118,0.0016403232989955756
SITE0642,North,Punjab,Upper North,Bathinda,Ludhiana,Urban,Tier 1,12954,Grid,10,4.9460333505682685,0.005390151698000391
SITE0643,Central,Uttar Pradesh,UP,Varanasi,Lucknow,Urban,Tier 2,5173,Hybrid,1,1.4108069500038407,0.0015374873030810133
SITE0644,North,Haryana,Upper North,Panipat,Panipat,Urban,Tier 2,6366,Hybrid,4,1.7361679960805048,0.001892063439283536
SITE0645,Central,Uttar Pradesh,UP,Varanasi,Lucknow,Urban,Tier 3,4978,Hybrid,4,0.9503378886494073,0.0010356714201268315
SITE0646,West,Rajasthan,Rajasthan,Kota,Jaipur,Rural,Tier 3,414,DG,1,0.04255770314469793,4.637907988267697e-05
SITE0647,Central,Madhya Pradesh,Central,Indore,Indore,Semi-Urban,Tier 2,3712,DG,1,0.778735059021585,0.0008486598862491221
SITE0648,North,Haryana,Upper North,Faridabad,Delhi NCR,Semi-Urban,Tier 2,3710,Grid,4,0.7783154819423709,0.000848202634155238
SITE0649,West,Gujarat,Gujarat,Rajkot,Ahmedabad,Semi-Urban,Tier 3,1851,Grid,7,0.2718230107689299,0.00029623076902289536
SITE0650,West,Gujarat,Gujarat,Surat,Ahmedabad,Urban,Tier 2,7897,Grid,4,2.153710126460532,0.002347097860512423
